1	2049	5651	2049	G	T	0.042116	AO079
1	2327	1207	2327	G	T	0.032285	AO079
4	716	7992	7631	G	A	0.020771	AO079
4	732	7952	7647	C	A	0.024392	AO079
5	1491	4714	10147	T	C	0.029699	AO079
5	1550	1408	10206	C	T	0.319602	AO079
1	2049	2691	2049	G	T	0.086585	AO080
1	2311	1359	2311	C	A	0.022075	AO080
1	2327	830	2327	G	T	0.025301	AO080
2	81	1648	2422	T	C	0.020631	AO080
2	1949	2551	4290	A	C	0.034496	AO080
4	732	7893	7647	C	A	0.14502	AO080
4	734	7997	7649	G	A	0.120804	AO080
4	1727	1663	8642	A	G	0.021123	AO080
5	1491	4568	10147	T	C	0.026607	AO080
5	1550	1846	10206	C	T	0.594111	AO080
6	39	6852	10260	T	C	0.0216	AO080
6	118	7999	10339	G	A	0.043465	AO080
1	1991	5455	1991	C	T	0.020711	AO081
1	2049	5380	2049	G	T	0.033637	AO081
1	2327	1017	2327	G	T	0.037365	AO081
2	1766	5288	4107	A	C	0.027799	AO081
2	1949	4850	4290	A	C	0.034845	AO081
4	732	7924	7647	C	A	0.12099	AO081
4	732	7924	7647	C	T	0.029824	AO081
4	734	7996	7649	G	A	0.047074	AO081
4	734	7996	7649	G	C	0.026308	AO081
5	981	7887	9637	C	T	0.087739	AO081
5	1491	4756	10147	T	C	0.094284	AO081
5	1550	1896	10206	C	T	0.398262	AO081
6	39	6960	10260	T	C	0.021695	AO081
7	775	7843	12456	A	G	0.079133	AO081
8	162	5523	12870	A	G	0.023575	AO081
1	2049	4420	2049	G	T	0.085973	AO085
1	2327	1079	2327	G	T	0.039852	AO085
2	730	1399	3071	T	A	0.067857	AO085
2	1385	1768	3726	C	T	0.058824	AO085
2	1949	3472	4290	A	C	0.031079	AO085
3	100	3086	4782	A	G	0.101036	AO085
3	1204	3987	5886	C	A	0.024066	AO085
4	626	7287	7541	A	C	0.029552	AO085
4	732	7899	7647	C	A	0.105203	AO085
4	733	7816	7648	T	A	0.038331	AO085
4	734	7996	7649	G	A	0.082019	AO085
5	1550	2128	10206	C	T	0.550787	AO085
6	39	7199	10260	T	C	0.022642	AO085
6	233	8000	10454	G	A	0.037531	AO085
6	1446	779	11667	C	A	0.028117	AO085
7	981	2432	12662	C	A	0.052365	AO085
8	162	5536	12870	A	G	0.020539	AO085
8	199	5714	12907	C	A	0.020782	AO085
1	2049	7976	2049	G	T	0.106841	AO086
1	2327	957	2327	G	T	0.023729	AO086
2	165	5876	2506	T	G	0.04781	AO086
2	1949	7980	4290	A	C	0.020761	AO086
4	732	7900	7647	C	A	0.05893	AO086
4	733	7838	7648	T	A	0.02182	AO086
4	734	7998	7649	G	A	0.031845	AO086
4	1076	7926	7991	A	T	0.029133	AO086
5	1550	1526	10206	C	T	0.47903	AO086
6	19	3559	10240	G	T	0.02023	AO086
6	61	7880	10282	T	C	0.022462	AO086
6	63	8000	10284	T	C	0.021758	AO086
8	14	2800	12722	T	C	0.023571	AO086
1	2049	7948	2049	G	T	0.071386	AO087
1	2327	1003	2327	G	T	0.033263	AO087
2	165	5217	2506	T	G	0.034729	AO087
2	1914	7802	4255	G	A	0.024809	AO087
3	100	5255	4782	A	G	0.04395	AO087
4	732	7947	7647	C	A	0.038392	AO087
4	734	7997	7649	G	A	0.027109	AO087
5	1491	4678	10147	T	C	0.022395	AO087
5	1550	1776	10206	C	T	0.257576	AO087
6	39	6759	10260	T	C	0.022193	AO087
6	1201	7950	11422	C	A	0.028551	AO087
6	1446	687	11667	C	A	0.021583	AO087
7	981	2747	12662	C	A	0.045956	AO087
8	162	4829	12870	A	G	0.024599	AO087
8	199	7995	12907	C	A	0.022158	AO087
8	444	7914	13152	C	A	0.030253	AO087
1	495	5297	495	T	C	0.030194	AO091
1	934	5211	934	A	G	0.059298	AO091
1	1509	5832	1509	G	A	0.024863	AO091
1	2327	828	2327	G	T	0.036188	AO091
2	604	2836	2945	A	T	0.025035	AO091
2	634	2940	2975	A	G	0.209524	AO091
2	1949	5413	4290	A	C	0.037311	AO091
3	891	2356	5573	A	G	0.091681	AO091
3	1476	3176	6158	A	G	0.131927	AO091
4	732	7838	7647	C	A	0.833202	AO091
4	732	7838	7647	C	G	0.147804	AO091
4	734	7896	7649	G	A	0.26712	AO091
5	1491	3242	10147	T	C	0.1752	AO091
5	1550	1012	10206	C	T	0.447628	AO091
6	118	8000	10339	G	A	0.173145	AO091
8	325	7417	13033	G	A	0.05516	AO091
8	774	6279	13482	T	C	0.038306	AO091
1	1083	4136	1083	G	A	0.052466	AO092
1	2049	5095	2049	G	T	0.072592	AO092
1	2327	1488	2327	G	T	0.026606	AO092
2	634	2858	2975	A	G	0.079776	AO092
2	1554	5295	3895	C	T	0.063078	AO092
2	1949	6545	4290	A	C	0.047204	AO092
3	717	2796	5399	C	T	0.053648	AO092
3	891	3155	5573	A	G	0.120761	AO092
3	1746	2798	6428	G	A	0.056469	AO092
4	732	7946	7647	C	A	0.947271	AO092
4	732	7946	7647	C	T	0.045925	AO092
4	734	7974	7649	G	A	0.084248	AO092
4	734	7974	7649	G	C	0.045516	AO092
5	423	7974	9079	A	G	0.025161	AO092
5	981	7925	9637	C	T	0.053785	AO092
5	1491	5163	10147	T	C	0.163688	AO092
5	1550	1440	10206	C	T	0.535117	AO092
7	981	2080	12662	C	A	0.034247	AO092
8	325	7622	13033	G	A	0.068978	AO092
8	774	6594	13482	T	C	0.054266	AO092
1	934	3972	934	A	G	0.049345	AO093
1	2049	5392	2049	G	T	0.084337	AO093
1	2327	1131	2327	G	T	0.023942	AO093
2	165	2641	2506	T	G	0.03067	AO093
2	634	1849	2975	A	G	0.239589	AO093
2	1949	4625	4290	A	C	0.062257	AO093
3	891	1882	5573	A	G	0.135422	AO093
3	1003	1678	5685	G	A	0.024434	AO093
3	1959	2279	6641	G	A	0.022817	AO093
4	524	7994	7439	A	C	0.035417	AO093
4	732	7924	7647	C	A	0.936086	AO093
4	732	7924	7647	C	T	0.041903	AO093
4	734	7989	7649	G	A	0.08349	AO093
4	734	7989	7649	G	C	0.042793	AO093
4	761	7251	7676	G	A	0.048096	AO093
5	981	7907	9637	C	T	0.047128	AO093
5	1491	4122	10147	T	C	0.207181	AO093
5	1550	1144	10206	C	T	0.392483	AO093
6	94	8001	10315	G	A	0.020197	AO093
6	118	8000	10339	G	A	0.020936	AO093
6	1446	1213	11667	C	A	0.022259	AO093
7	981	2117	12662	C	A	0.058555	AO093
8	26	6299	12734	A	G	0.0408	AO093
8	199	5554	12907	C	A	0.022923	AO093
8	325	7604	13033	G	A	0.027643	AO093
8	742	7929	13450	G	A	0.036048	AO093
8	774	6485	13482	T	C	0.020819	AO093
1	376	5741	376	A	C	0.021425	AO097
1	1929	6356	1929	T	G	0.046526	AO097
1	2327	757	2327	G	T	0.032982	AO097
2	634	3055	2975	A	G	0.148609	AO097
2	1746	4677	4087	T	C	0.025871	AO097
3	100	3127	4782	A	G	0.091693	AO097
3	589	4835	5271	G	A	0.02213	AO097
3	891	5226	5573	A	G	0.055683	AO097
3	1839	4659	6521	A	G	0.035845	AO097
4	732	7848	7647	C	A	0.787534	AO097
4	732	7848	7647	C	G	0.032468	AO097
4	733	7799	7648	T	A	0.134761	AO097
4	734	7836	7649	G	A	0.767969	AO097
4	734	7836	7649	G	T	0.022648	AO097
4	1727	1163	8642	A	G	0.026622	AO097
5	1491	5371	10147	T	C	0.106193	AO097
5	1550	1664	10206	C	T	0.443883	AO097
8	186	4119	12894	A	C	0.063221	AO097
1	495	4498	495	T	C	0.048021	AO098
1	934	4210	934	A	G	0.032779	AO098
1	2049	4677	2049	G	T	0.027154	AO098
1	2327	862	2327	G	T	0.025522	AO098
2	634	2813	2975	A	G	0.065055	AO098
2	1949	4211	4290	A	C	0.100617	AO098
3	100	3077	4782	A	G	0.256094	AO098
3	891	4544	5573	A	G	0.020687	AO098
3	2218	470	6900	G	C	0.023404	AO098
4	732	7923	7647	C	A	0.53544	AO098
4	733	7919	7648	T	A	0.02742	AO098
4	734	7963	7649	G	A	0.200293	AO098
4	734	7963	7649	G	C	0.179792	AO098
5	1491	5121	10147	T	C	0.08202	AO098
5	1550	1348	10206	C	T	0.440835	AO098
6	118	8000	10339	G	A	0.027995	AO098
6	364	7680	10585	A	C	0.020364	AO098
8	653	7711	13361	T	C	0.142228	AO098
1	164	1399	164	G	C	0.029725	AO099
1	1604	4973	1604	A	G	0.022321	AO099
1	2049	6673	2049	G	T	0.176382	AO099
1	2327	978	2327	G	T	0.023756	AO099
2	634	2435	2975	A	G	0.037372	AO099
2	1949	6317	4290	A	C	0.022637	AO099
3	100	5707	4782	A	G	0.165732	AO099
3	891	3043	5573	A	G	0.023004	AO099
4	490	7616	7405	G	A	0.043339	AO099
4	732	7808	7647	C	A	0.287878	AO099
4	732	7808	7647	C	G	0.025628	AO099
4	732	7808	7647	C	T	0.042988	AO099
4	733	7777	7648	T	A	0.06426	AO099
4	734	7865	7649	G	A	0.186386	AO099
4	734	7865	7649	G	C	0.044149	AO099
4	734	7865	7649	G	T	0.023998	AO099
4	1727	1308	8642	A	G	0.021641	AO099
5	1491	4388	10147	T	C	0.066317	AO099
5	1550	1320	10206	C	T	0.477273	AO099
6	118	8001	10339	G	A	0.030744	AO099
3	838	7896	5520	G	A	0.310856	AO103
3	891	7997	5573	A	G	0.995452	AO103
3	1204	7941	5886	C	A	0.021848	AO103
4	732	7979	7647	C	A	0.997482	AO103
5	1550	1850	10206	C	T	0.996123	AO103
6	688	7992	10909	T	C	0.020308	AO103
6	1167	7978	11388	C	T	0.994191	AO103
6	1446	659	11667	C	A	0.03185	AO103
7	950	3513	12631	A	G	0.0647	AO103
7	981	2013	12662	C	A	0.0744	AO103
8	199	6986	12907	C	A	0.038941	AO103
1	341	7990	341	C	A	0.176436	AO104
1	934	7978	934	A	G	0.178833	AO104
1	1327	7961	1327	C	T	0.062411	AO104
1	1349	7955	1349	A	G	0.057449	AO104
1	1529	7910	1529	T	C	0.031118	AO104
1	1959	7833	1959	A	G	0.059204	AO104
2	1949	7961	4290	A	C	0.587758	AO104
2	2219	6227	4560	C	A	0.113562	AO104
3	1395	7994	6077	G	A	0.106987	AO104
3	1451	7966	6133	C	A	0.03434	AO104
4	369	7978	7284	G	A	0.026417	AO104
4	649	7946	7564	A	G	0.054562	AO104
4	654	7705	7569	A	G	0.030664	AO104
4	705	7987	7620	A	G	0.022414	AO104
4	732	7784	7647	C	A	0.497748	AO104
4	732	7784	7647	C	T	0.485745	AO104
4	734	7763	7649	G	A	0.18181	AO104
4	734	7763	7649	G	C	0.500939	AO104
4	739	7941	7654	G	C	0.480885	AO104
4	1136	7989	8051	A	G	0.02383	AO104
4	1152	7990	8067	G	A	0.023575	AO104
5	423	7954	9079	A	G	0.327403	AO104
5	1046	7988	9702	A	C	0.045938	AO104
5	1066	7869	9722	C	T	0.046479	AO104
5	1397	7409	10053	C	A	0.037562	AO104
5	1491	5337	10147	T	C	0.090272	AO104
5	1515	3884	10171	A	G	0.044886	AO104
6	610	7876	10831	A	G	0.020864	AO104
6	648	7810	10869	C	A	0.037499	AO104
6	1167	7945	11388	C	T	0.020164	AO104
8	26	2717	12734	A	G	0.104527	AO104
8	742	7909	13450	G	A	0.096402	AO104
2	1949	7976	4290	A	C	0.470607	AO105
3	1860	7537	6542	T	C	0.051123	AO105
4	732	7690	7647	C	A	0.463946	AO105
4	732	7690	7647	C	T	0.535058	AO105
4	734	7735	7649	G	A	0.455608	AO105
4	734	7735	7649	G	C	0.536237	AO105
4	1192	7841	8107	C	T	0.067577	AO105
5	1344	7901	10000	C	T	0.025547	AO105
5	1394	7566	10050	G	A	0.027438	AO105
5	1550	2185	10206	C	T	0.761589	AO105
7	408	7988	12089	T	C	0.433353	AO105
8	69	7933	12777	C	T	0.321124	AO105
1	27	6444	27	T	C	0.807263	AO109
1	2143	5183	2143	C	G	0.033256	AO109
2	1014	5754	3355	T	A	0.060101	AO109
2	2049	6182	4390	C	T	0.029597	AO109
3	100	4952	4782	A	G	0.992735	AO109
3	1003	7631	5685	G	A	0.525342	AO109
4	732	7825	7647	C	A	0.176767	AO109
4	733	7651	7648	T	A	0.629857	AO109
4	734	7789	7649	G	A	0.817178	AO109
5	1550	1334	10206	C	T	0.459844	AO109
6	39	7996	10260	T	C	0.022467	AO109
8	437	7994	13145	T	C	0.248405	AO109
2	1014	6334	3355	T	A	0.259195	AO110
2	1929	7103	4270	G	T	0.020555	AO110
3	100	5488	4782	A	G	0.996539	AO110
3	1003	7635	5685	G	A	0.162834	AO110
3	1839	7444	6521	A	G	0.032509	AO110
4	732	7803	7647	C	A	0.260094	AO110
4	733	7592	7648	T	A	0.503882	AO110
4	734	7670	7649	G	A	0.786893	AO110
4	1727	1407	8642	A	G	0.020588	AO110
5	1138	7997	9794	A	G	0.038019	AO110
5	1550	1721	10206	C	T	0.56496	AO110
6	39	7453	10260	T	C	0.025359	AO110
6	141	7998	10362	C	T	0.097783	AO110
6	801	7986	11022	T	A	0.034998	AO110
7	941	3764	12622	T	C	0.048867	AO110
8	437	7990	13145	T	C	0.498018	AO110
1	732	7520	732	T	C	0.035323	AO111
1	735	7677	735	A	G	0.033694	AO111
1	2327	1819	2327	G	T	0.02199	AO111
2	730	5529	3071	T	C	0.023151	AO111
2	741	5371	3082	A	G	0.025135	AO111
2	2049	5354	4390	C	T	0.025028	AO111
3	100	6872	4782	A	G	0.988798	AO111
4	732	7887	7647	C	T	0.025076	AO111
4	733	7699	7648	T	A	0.794207	AO111
4	734	7882	7649	G	A	0.795017	AO111
4	734	7882	7649	G	C	0.026396	AO111
4	787	7996	7702	G	A	0.024196	AO111
4	1036	7998	7951	G	T	0.034273	AO111
5	288	7980	8944	A	G	0.045853	AO111
5	1311	6975	9967	A	G	0.05155	AO111
5	1550	1823	10206	C	T	0.186821	AO111
6	233	7999	10454	G	A	0.022995	AO111
8	437	7991	13145	T	C	0.831652	AO111
1	1009	7824	1009	T	C	0.133311	AO115
1	1367	7737	1367	A	G	0.060519	AO115
2	102	3521	2443	A	G	0.110449	AO115
2	1536	7664	3877	C	T	0.027244	AO115
2	1949	7924	4290	A	C	0.037855	AO115
4	731	7936	7646	T	C	0.403782	AO115
4	732	7944	7647	C	A	0.042639	AO115
4	732	7944	7647	C	T	0.026019	AO115
4	734	8000	7649	G	A	0.042629	AO115
4	734	8000	7649	G	C	0.025503	AO115
4	1336	7928	8251	A	G	0.032309	AO115
5	981	7955	9637	C	T	0.024745	AO115
5	1491	5555	10147	T	C	0.025069	AO115
5	1550	2188	10206	C	T	0.601939	AO115
6	1164	7970	11385	C	A	0.079562	AO115
6	1182	7912	11403	C	T	0.143381	AO115
6	1407	3788	11628	A	G	0.219887	AO115
8	162	3148	12870	A	G	0.023471	AO115
1	360	7977	360	T	C	0.027977	AO116
2	694	4895	3035	C	T	0.025536	AO116
2	2292	2145	4633	A	G	0.064336	AO116
3	100	6901	4782	A	G	0.980443	AO116
3	1536	7942	6218	T	C	0.061966	AO116
3	1899	7883	6581	T	C	0.032986	AO116
5	981	7902	9637	C	T	0.230377	AO116
5	1491	5208	10147	T	C	0.870999	AO116
5	1550	2016	10206	C	T	0.425954	AO116
1	934	7665	934	A	G	0.92913	AO117
1	2327	1220	2327	G	T	0.020975	AO117
2	634	7147	2975	A	G	0.925703	AO117
2	1949	7990	4290	A	C	0.02897	AO117
3	891	7828	5573	A	G	0.902657	AO117
4	732	7965	7647	C	A	0.905011	AO117
4	732	7965	7647	C	T	0.04858	AO117
4	734	7978	7649	G	C	0.048634	AO117
4	750	7985	7665	T	C	0.03707	AO117
5	746	7977	9402	C	G	0.025425	AO117
5	1491	5136	10147	T	C	0.85183	AO117
5	1550	1673	10206	C	T	0.072325	AO117
8	436	7978	13144	T	C	0.034069	AO117
1	2327	1730	2327	G	T	0.024855	AO121
2	1761	7716	4102	G	T	0.692568	AO121
3	100	7984	4782	A	G	0.987395	AO121
3	235	5854	4917	T	C	0.029854	AO121
3	589	7651	5271	G	A	0.092767	AO121
3	1896	7997	6578	A	G	0.039165	AO121
4	732	7945	7647	C	A	0.069259	AO121
4	734	7999	7649	G	A	0.07932	AO121
4	1163	7988	8078	T	G	0.912545	AO121
5	288	7963	8944	A	G	0.075527	AO121
5	1550	1714	10206	C	T	0.952264	AO121
1	2327	1734	2327	G	T	0.021915	AO122
3	100	6371	4782	A	G	0.46675	AO122
3	589	7707	5271	G	A	0.181903	AO122
4	624	7696	7539	G	C	0.063306	AO122
4	732	7763	7647	C	A	0.366166	AO122
4	733	7606	7648	T	A	0.18415	AO122
4	734	7662	7649	G	A	0.571694	AO122
5	253	8000	8909	G	T	0.04772	AO122
5	1314	7010	9970	G	A	0.075691	AO122
5	1550	1481	10206	C	T	0.748305	AO122
1	1604	7813	1604	A	G	0.026892	AO123
2	1879	7992	4220	G	A	0.648583	AO123
2	1949	7991	4290	A	C	0.034457	AO123
3	100	7982	4782	A	G	0.96699	AO123
3	860	7693	5542	G	A	0.026709	AO123
3	1168	7817	5850	G	A	0.033119	AO123
4	733	7899	7648	T	A	0.043023	AO123
4	734	7996	7649	G	A	0.049021	AO123
5	1550	2031	10206	C	T	0.322948	AO123
8	225	7984	12933	C	T	0.044545	AO123
1	73	1394	73	A	G	0.09319	AO124
1	999	2054	999	C	T	0.161071	AO124
1	1057	2049	1057	G	A	0.175207	AO124
1	1861	2671	1861	A	C	0.140771	AO124
2	65	754	2406	C	T	0.02524	AO124
2	324	1159	2665	A	G	0.052586	AO124
2	373	1224	2714	A	G	0.034314	AO124
2	399	1109	2740	T	A	0.03156	AO124
2	1002	1291	3343	A	T	0.045701	AO124
2	1114	1584	3455	C	A	0.027146	AO124
2	2076	2788	4417	G	T	0.023314	AO124
2	2298	955	4639	G	A	0.071204	AO124
3	82	932	4764	A	G	0.024678	AO124
3	377	1630	5059	C	T	0.125767	AO124
3	534	1771	5216	A	G	0.053642	AO124
3	838	1927	5520	G	A	0.262065	AO124
3	891	1877	5573	A	G	0.997336	AO124
3	1238	1972	5920	G	A	0.093813	AO124
4	625	7303	7540	A	T	0.308524	AO124
4	732	7914	7647	C	A	0.498405	AO124
4	732	7914	7647	C	T	0.446089	AO124
4	897	7910	7812	C	A	0.046852	AO124
4	1555	7404	8470	G	A	0.062696	AO124
5	625	7924	9281	A	G	0.039402	AO124
5	1550	1423	10206	C	T	0.997189	AO124
6	61	6474	10282	T	C	0.037226	AO124
6	277	7990	10498	A	C	0.022105	AO124
6	1050	7993	11271	G	C	0.031448	AO124
6	1167	7976	11388	C	T	0.99785	AO124
6	1330	7280	11551	T	C	0.024855	AO124
7	950	3406	12631	A	G	0.271292	AO124
8	44	8000	12752	G	A	0.247543	AO124
8	406	7998	13114	A	C	0.029683	AO124
8	414	7962	13122	T	C	0.044296	AO124
8	741	7911	13449	A	G	0.078761	AO124
1	58	3086	58	A	G	0.049579	AO125
1	341	7437	341	C	A	0.104832	AO125
1	513	7669	513	C	T	0.054011	AO125
1	549	7125	549	C	T	0.887123	AO125
1	934	6762	934	A	G	0.115209	AO125
1	2327	892	2327	G	T	0.026906	AO125
2	1782	5511	4123	G	A	0.19775	AO125
2	1949	5317	4290	A	C	0.87815	AO125
2	2292	1314	4633	A	G	0.843988	AO125
3	423	6686	5105	A	G	0.066856	AO125
4	732	7689	7647	C	A	0.997482	AO125
4	733	7691	7648	T	A	0.741047	AO125
4	734	7749	7649	G	T	0.741696	AO125
5	1263	7943	9919	C	A	0.132001	AO125
5	1344	7646	10000	C	T	0.991046	AO125
5	1550	1458	10206	C	T	0.986968	AO125
7	528	7984	12209	C	T	0.056385	AO125
8	26	5403	12734	A	G	0.050527	AO125
8	742	7949	13450	G	A	0.048579	AO125
1	587	7745	587	A	G	0.128008	AO126
1	1196	7475	1196	A	G	0.021152	AO126
1	1311	7843	1311	G	A	0.998149	AO126
2	461	1873	2802	C	T	0.2504	AO126
2	1223	1993	3564	C	T	0.998996	AO126
2	1255	1869	3596	A	G	0.020867	AO126
2	2269	614	4610	A	G	0.022801	AO126
3	501	2138	5183	T	C	0.031338	AO126
3	709	2275	5391	T	C	0.06022	AO126
4	544	7663	7459	T	C	0.026082	AO126
4	734	7993	7649	G	C	0.997824	AO126
4	1727	1267	8642	A	G	0.020015	AO126
5	1218	7992	9874	G	A	0.242173	AO126
5	1412	7104	10068	T	C	0.051213	AO126
5	1550	1252	10206	C	T	0.99361	AO126
6	850	7424	11071	C	T	0.085427	AO126
6	904	7959	11125	C	A	0.087892	AO126
6	993	7986	11214	G	A	0.078299	AO126
7	397	7891	12078	T	C	0.02516	AO126
7	502	7413	12183	T	C	0.025652	AO126
1	27	1627	27	T	C	0.055317	AO127
1	1671	7670	1671	C	T	0.051951	AO127
1	2173	5445	2173	C	A	0.026079	AO127
2	400	6836	2741	C	A	0.031597	AO127
2	1836	6832	4177	T	C	0.049327	AO127
3	100	4025	4782	A	G	0.998012	AO127
3	165	6140	4847	G	A	0.020521	AO127
3	594	6955	5276	C	A	0.148526	AO127
3	1003	6800	5685	G	A	0.305441	AO127
3	1097	6507	5779	A	G	0.029968	AO127
3	1746	6428	6428	G	A	0.025358	AO127
3	1758	6675	6440	G	A	0.020974	AO127
4	281	7988	7196	T	C	0.061813	AO127
4	369	7978	7284	G	T	0.021379	AO127
4	539	7875	7454	C	T	0.029358	AO127
4	570	7940	7485	A	G	0.030404	AO127
4	649	7906	7564	A	C	0.053071	AO127
4	654	7825	7569	A	G	0.032304	AO127
4	733	7938	7648	T	A	0.238293	AO127
4	734	8000	7649	G	A	0.237513	AO127
4	1088	7995	8003	G	A	0.022203	AO127
4	1370	7924	8285	C	A	0.020851	AO127
4	1388	7981	8303	C	T	0.024988	AO127
4	1397	7681	8312	T	C	0.02565	AO127
4	1511	7455	8426	G	A	0.024998	AO127
4	1583	7469	8498	A	T	0.021044	AO127
5	73	4078	8729	T	C	0.037273	AO127
5	279	7912	8935	C	T	0.079922	AO127
5	428	7130	9084	A	G	0.038288	AO127
5	1550	884	10206	C	T	0.687783	AO127
6	101	6080	10322	A	C	0.157237	AO127
6	103	6213	10324	C	A	0.034766	AO127
6	379	7772	10600	A	G	0.032861	AO127
6	520	7809	10741	G	A	0.095726	AO127
6	802	7898	11023	C	T	0.041026	AO127
7	161	7569	11842	C	T	0.02226	AO127
7	685	7997	12366	G	A	0.021736	AO127
7	692	7963	12373	C	T	0.044069	AO127
8	333	7878	13041	T	C	0.02146	AO127
8	437	7994	13145	T	C	0.209998	AO127
8	530	7626	13238	A	G	0.043666	AO127
8	719	7792	13427	A	T	0.165113	AO127
8	753	7838	13461	T	C	0.069525	AO127
1	1879	7506	1879	C	T	0.314714	AO129
1	2127	6527	2127	A	G	0.022215	AO129
2	1931	5803	4272	A	G	0.05411	AO129
3	100	2853	4782	A	G	0.997898	AO129
3	231	4641	4913	T	C	0.026503	AO129
3	1204	4972	5886	C	A	0.037611	AO129
4	122	7997	7037	C	A	0.024066	AO129
4	733	7887	7648	T	A	0.124948	AO129
4	734	7988	7649	G	A	0.813037	AO129
4	1126	7983	8041	C	T	0.030408	AO129
4	1487	7985	8402	G	A	0.032611	AO129
5	427	7726	9083	G	A	0.031045	AO129
5	1311	7267	9967	A	G	0.256867	AO129
5	1550	1146	10206	C	T	0.664921	AO129
6	233	7792	10454	G	A	0.040405	AO129
7	945	3665	12626	C	A	0.037147	AO129
8	437	7984	13145	T	C	0.803524	AO129
8	813	3118	13521	A	G	0.020831	AO129
1	284	3407	284	C	A	0.045788	AO130
1	1248	3675	1248	A	G	0.029388	AO130
1	2162	6807	2162	A	G	0.044636	AO130
1	2327	968	2327	G	T	0.034091	AO130
2	49	1063	2390	T	C	0.05174	AO130
2	77	1398	2418	T	C	0.05828	AO130
2	136	3255	2477	T	C	0.050384	AO130
2	2108	3674	4449	T	C	0.030204	AO130
2	2122	3659	4463	T	C	0.03224	AO130
2	2137	3696	4478	T	C	0.035714	AO130
2	2150	3330	4491	T	C	0.030631	AO130
2	2157	3295	4498	T	C	0.032473	AO130
2	2177	3024	4518	T	C	0.031876	AO130
2	2184	2995	4525	T	C	0.035726	AO130
2	2195	2970	4536	T	C	0.030303	AO130
2	2212	2624	4553	T	C	0.027439	AO130
3	100	3895	4782	A	G	0.905006	AO130
4	731	7879	7646	T	C	0.024745	AO130
4	1032	7993	7947	G	T	0.874085	AO130
5	123	8001	8779	G	A	0.092109	AO130
5	1550	1414	10206	C	T	0.511315	AO130
1	748	7741	748	G	A	0.065776	AO131
1	1357	7945	1357	G	A	0.202483	AO131
2	656	4940	2997	A	G	0.02085	AO131
2	1141	6227	3482	C	T	0.047214	AO131
2	1269	5273	3610	G	A	0.033757	AO131
2	1730	7231	4071	A	G	0.026137	AO131
2	2292	2020	4633	A	G	0.043069	AO131
3	100	4619	4782	A	G	0.995457	AO131
3	621	5754	5303	G	A	0.041363	AO131
3	1078	6076	5760	G	A	0.02156	AO131
3	1536	7658	6218	T	C	0.10139	AO131
3	1802	7744	6484	A	G	0.213061	AO131
3	1868	6835	6550	G	A	0.06298	AO131
3	1941	7331	6623	C	T	0.041363	AO131
4	118	7997	7033	A	C	0.02068	AO131
5	981	7907	9637	C	T	0.082967	AO131
5	1491	4800	10147	T	C	0.907032	AO131
5	1550	1428	10206	C	T	0.162433	AO131
6	112	7996	10333	G	A	0.02313	AO131
6	453	7997	10674	A	G	0.038006	AO131
6	1156	7912	11377	T	C	0.025892	AO131
7	123	7999	11804	C	T	0.03182	AO131
7	291	7957	11972	A	C	0.021744	AO131
1	191	6453	191	A	G	0.026499	AO132
1	428	7937	428	A	G	0.492693	AO132
1	865	7384	865	C	A	0.121319	AO132
1	934	6648	934	A	G	0.276462	AO132
1	1057	7657	1057	G	A	0.023508	AO132
1	1796	7995	1796	G	A	0.497482	AO132
2	634	4961	2975	A	G	0.492239	AO132
2	726	4661	3067	A	G	0.059618	AO132
2	1381	5705	3722	G	T	0.021911	AO132
2	1949	6363	4290	A	C	0.022788	AO132
3	100	3250	4782	A	G	0.954168	AO132
3	891	6039	5573	A	G	0.039907	AO132
3	2179	2443	6861	T	G	0.031928	AO132
4	220	6948	7135	G	A	0.068201	AO132
4	552	7970	7467	G	A	0.140537	AO132
4	732	7964	7647	C	A	0.025014	AO132
4	1032	8000	7947	G	T	0.504522	AO132
4	1439	7769	8354	G	A	0.478862	AO132
5	1491	3044	10147	T	C	0.404074	AO132
5	1550	789	10206	C	T	0.188847	AO132
6	559	7907	10780	C	T	0.057204	AO132
6	829	7885	11050	T	C	0.47301	AO132
6	1000	7796	11221	C	T	0.022195	AO132
7	374	7978	12055	C	T	0.065962	AO132
8	26	8011	12734	A	G	0.237061	AO132
8	155	3508	12863	A	G	0.081454	AO132
8	412	7992	13120	C	T	0.077342	AO132
8	742	7978	13450	G	A	0.253708	AO132
1	942	4425	942	G	A	0.028249	AO133
1	1128	4361	1128	A	G	0.030498	AO133
1	1929	4968	1929	T	G	0.023551	AO133
1	2115	5652	2115	C	T	0.022647	AO133
1	2327	664	2327	G	T	0.03012	AO133
2	9	419	2350	C	A	0.02864	AO133
2	183	2537	2524	G	A	0.025621	AO133
2	399	2860	2740	T	C	0.041259	AO133
2	711	3014	3052	A	G	0.035169	AO133
2	1761	7769	4102	G	T	0.56067	AO133
2	2297	1226	4638	A	G	0.030995	AO133
3	100	2623	4782	A	G	0.995806	AO133
3	1078	4893	5760	G	A	0.03597	AO133
3	1497	6208	6179	A	G	0.030767	AO133
3	1554	5705	6236	T	C	0.04328	AO133
3	1555	5688	6237	T	C	0.042187	AO133
3	1722	4477	6404	A	G	0.047353	AO133
3	1830	4695	6512	C	A	0.166063	AO133
3	1896	4525	6578	A	G	0.031602	AO133
4	38	2459	6953	A	G	0.060594	AO133
4	1163	7733	8078	T	G	0.991827	AO133
4	1518	7633	8433	A	G	0.257877	AO133
5	288	7751	8944	A	G	0.034253	AO133
5	1533	1489	10189	T	C	0.026864	AO133
5	1550	761	10206	C	T	0.994744	AO133
6	396	7705	10617	A	G	0.040935	AO133
6	453	7975	10674	A	G	0.18479	AO133
6	781	7968	11002	C	T	0.023296	AO133
7	607	7922	12288	A	G	0.028898	AO133
7	788	7996	12469	T	G	0.043739	AO133
8	383	7981	13091	G	T	0.120932	AO133
8	447	7955	13155	C	T	0.117206	AO133
8	578	7962	13286	A	G	0.112146	AO133
8	822	2765	13530	A	G	0.032011	AO133
1	729	6543	729	G	T	0.020549	AO134
1	1110	6632	1110	G	A	0.05006	AO134
1	1129	6811	1129	C	A	0.020261	AO134
1	1454	7307	1454	G	A	0.033114	AO134
1	2311	1347	2311	C	A	0.020045	AO134
2	23	963	2364	G	T	0.020768	AO134
2	249	7003	2590	A	G	0.0247	AO134
2	1223	6293	3564	C	T	0.115229	AO134
2	2135	7270	4476	C	A	0.020389	AO134
2	2270	3018	4611	C	T	0.0222	AO134
3	41	3023	4723	G	T	0.020509	AO134
3	100	6115	4782	A	G	0.993462	AO134
3	589	7770	5271	G	A	0.058415	AO134
3	903	7679	5585	G	T	0.030377	AO134
3	2032	7881	6714	C	A	0.02102	AO134
4	608	7868	7523	C	T	0.07313	AO134
4	733	7868	7648	T	A	0.232184	AO134
4	734	7951	7649	G	A	0.231363	AO134
4	1214	7717	8129	C	T	0.344283	AO134
4	1517	7951	8432	T	C	0.022091	AO134
4	1727	1109	8642	A	G	0.021641	AO134
5	76	7998	8732	G	T	0.026354	AO134
5	1314	7498	9970	G	A	0.08876	AO134
5	1407	7509	10063	A	C	0.037076	AO134
5	1483	5295	10139	G	T	0.021582	AO134
5	1550	1665	10206	C	T	0.858921	AO134
5	1551	1611	10207	A	G	0.028781	AO134
6	118	7998	10339	G	T	0.022506	AO134
6	433	7987	10654	G	T	0.041317	AO134
6	950	7989	11171	G	A	0.036184	AO134
6	1188	7985	11409	T	C	0.058399	AO134
6	1201	7954	11422	C	A	0.022067	AO134
7	431	7989	12112	G	A	0.031099	AO134
7	981	3787	12662	C	A	0.021258	AO134
7	989	3516	12670	C	A	0.029626	AO134
8	407	7994	13115	C	A	0.043307	AO134
1	157	4770	157	G	T	0.02327	AO135
1	1650	7192	1650	G	C	0.14568	AO135
1	1789	7721	1789	G	A	0.157225	AO135
1	1851	7295	1851	A	G	0.088744	AO135
1	2151	6461	2151	A	G	0.033586	AO135
2	165	3308	2506	T	C	0.033857	AO135
2	204	3632	2545	G	A	0.023678	AO135
2	1089	5581	3430	C	T	0.024368	AO135
2	1281	6136	3622	A	G	0.023142	AO135
2	1536	7135	3877	C	T	0.022705	AO135
2	1584	6284	3925	G	A	0.100573	AO135
2	1879	7460	4220	G	A	0.759711	AO135
3	100	4207	4782	A	G	0.995959	AO135
3	276	7311	4958	A	G	0.174532	AO135
3	1356	7453	6038	C	T	0.021746	AO135
3	1524	7868	6206	G	A	0.177127	AO135
3	2171	3910	6853	A	G	0.039642	AO135
4	625	7594	7540	A	G	0.135392	AO135
4	1286	7820	8201	C	T	0.212293	AO135
4	1385	7877	8300	G	A	0.169553	AO135
5	367	7388	9023	C	T	0.025537	AO135
5	1030	7972	9686	G	A	0.243079	AO135
5	1550	1210	10206	C	T	0.820809	AO135
6	882	7872	11103	T	C	0.023517	AO135
6	922	7986	11143	A	G	0.164881	AO135
8	193	7956	12901	C	A	0.031443	AO135
8	218	7982	12926	A	G	0.022076	AO135
8	387	7965	13095	C	A	0.101712	AO135
8	405	7987	13113	A	C	0.37087	AO135
8	406	7996	13114	A	C	0.403025	AO135
1	139	7437	139	A	G	0.034154	AO136
1	187	7887	187	A	T	0.078028	AO136
1	1604	7687	1604	A	G	0.156118	AO136
1	2039	7552	2039	A	G	0.022522	AO136
1	2063	7494	2063	C	T	0.031841	AO136
2	694	4710	3035	C	T	0.307643	AO136
2	1150	6018	3491	A	G	0.087404	AO136
2	1391	5112	3732	A	G	0.082355	AO136
2	1762	7201	4103	T	C	0.06263	AO136
2	1849	6494	4190	G	T	0.071143	AO136
3	100	7157	4782	A	G	0.99595	AO136
3	1044	7953	5726	G	A	0.124874	AO136
3	1536	7948	6218	T	C	0.152439	AO136
4	633	7958	7548	A	G	0.027032	AO136
4	732	7922	7647	C	A	0.051525	AO136
4	734	7995	7649	G	A	0.049335	AO136
4	910	7925	7825	A	C	0.02789	AO136
4	1166	7989	8081	A	G	0.05071	AO136
4	1319	7999	8234	A	G	0.086204	AO136
4	1551	7600	8466	G	A	0.025873	AO136
4	1589	7997	8504	G	A	0.05674	AO136
5	725	7925	9381	A	G	0.13183	AO136
5	1491	4062	10147	T	C	0.905219	AO136
6	551	7663	10772	A	G	0.022842	AO136
6	1060	7969	11281	G	A	0.096731	AO136
6	1260	7323	11481	C	T	0.09635	AO136
7	157	7303	11838	A	C	0.088043	AO136
7	733	7995	12414	T	C	0.028043	AO136
7	915	6675	12596	G	A	0.026293	AO136
8	164	6490	12872	A	G	0.024472	AO136
8	297	7953	13005	A	G	0.20067	AO136
8	369	7986	13077	C	T	0.184263	AO136
8	399	7980	13107	G	A	0.222272	AO136
8	600	7999	13308	G	A	0.024255	AO136
1	1967	7734	1967	T	A	0.099614	AO137
2	137	4380	2478	A	G	0.045434	AO137
2	595	7127	2936	G	A	0.219447	AO137
2	1227	5937	3568	C	A	0.031641	AO137
2	1659	7626	4000	G	T	0.074471	AO137
2	1766	7885	4107	A	G	0.15044	AO137
2	1768	7563	4109	C	A	0.144625	AO137
2	2290	2552	4631	C	A	0.028213	AO137
3	100	2784	4782	A	G	0.053142	AO137
3	189	3975	4871	C	T	0.944906	AO137
3	1426	4731	6108	G	A	0.184105	AO137
3	1433	4791	6115	T	C	0.020872	AO137
3	2001	3927	6683	A	G	0.365928	AO137
3	2144	2751	6826	T	C	0.022537	AO137
4	129	7998	7044	A	G	0.034385	AO137
4	491	7978	7406	T	A	0.022179	AO137
4	612	7933	7527	C	A	0.03594	AO137
4	732	7862	7647	C	A	0.513598	AO137
4	732	7862	7647	C	T	0.038874	AO137
4	734	7982	7649	G	A	0.32852	AO137
4	734	7982	7649	G	C	0.038917	AO137
4	844	7863	7759	G	A	0.023392	AO137
4	927	7316	7842	A	G	0.235422	AO137
4	1480	7887	8395	A	G	0.022977	AO137
4	1664	5985	8579	C	T	0.036249	AO137
4	1671	5595	8586	T	G	0.02126	AO137
5	108	7980	8764	T	C	0.074979	AO137
5	129	7970	8785	T	C	0.071498	AO137
5	131	7956	8787	T	C	0.07132	AO137
5	132	7951	8788	T	C	0.070208	AO137
5	143	7941	8799	T	C	0.076619	AO137
5	152	6887	8808	T	C	0.070357	AO137
5	153	6697	8809	T	C	0.071593	AO137
5	185	6472	8841	T	C	0.074633	AO137
5	227	7999	8883	T	C	0.070154	AO137
5	543	7979	9199	G	A	0.154507	AO137
5	675	7914	9331	T	C	0.021043	AO137
5	1491	5163	10147	T	C	0.433344	AO137
5	1550	1871	10206	C	T	0.331312	AO137
6	43	3458	10264	A	G	0.073453	AO137
6	478	7980	10699	T	C	0.096481	AO137
6	853	7877	11074	T	C	0.040714	AO137
6	1130	8000	11351	G	T	0.076082	AO137
6	1368	5664	11589	C	T	0.041589	AO137
6	1390	4037	11611	T	C	0.080925	AO137
7	368	7983	12049	G	A	0.020293	AO137
8	77	7982	12785	T	C	0.021642	AO137
8	297	7972	13005	A	G	0.109704	AO137
8	463	7353	13171	T	C	0.040413	AO137
8	591	7967	13299	G	A	0.025132	AO137
1	126	7945	126	G	A	0.048035	AO138
1	166	5756	166	A	G	0.035378	AO138
1	560	6626	560	C	T	0.086327	AO138
1	608	7047	608	A	G	0.027104	AO138
1	1084	6639	1084	A	G	0.023498	AO138
1	1666	7662	1666	G	A	0.041462	AO138
2	150	4238	2491	A	G	0.105685	AO138
2	1605	3927	3946	T	C	0.442832	AO138
2	1949	4644	4290	A	C	0.169897	AO138
2	2266	2534	4607	T	C	0.283741	AO138
3	100	3698	4782	A	G	0.849378	AO138
3	1347	6107	6029	G	A	0.101359	AO138
3	2016	5358	6698	A	G	0.18813	AO138
4	435	7939	7350	T	C	0.071086	AO138
4	533	7897	7448	T	G	0.154843	AO138
4	632	7509	7547	A	G	0.164151	AO138
4	649	7927	7564	A	C	0.14406	AO138
4	707	7957	7622	A	G	0.039674	AO138
4	731	7861	7646	T	C	0.040294	AO138
4	732	7797	7647	C	A	0.295835	AO138
4	733	7765	7648	T	A	0.132299	AO138
4	734	7858	7649	G	T	0.131999	AO138
4	1264	7938	8179	T	A	0.144891	AO138
4	1336	7878	8251	A	G	0.145496	AO138
4	1388	7968	8303	C	T	0.150789	AO138
4	1648	6037	8563	T	C	0.149981	AO138
5	11	1064	8667	G	A	0.023496	AO138
5	60	3819	8716	C	T	0.048966	AO138
5	505	7546	9161	C	A	0.172991	AO138
5	677	7164	9333	A	G	0.027865	AO138
5	981	7935	9637	C	T	0.320942	AO138
5	1097	7788	9753	G	T	0.318235	AO138
5	1491	3673	10147	T	C	0.354751	AO138
5	1550	1070	10206	C	T	0.880374	AO138
5	1551	1038	10207	A	G	0.021195	AO138
7	750	7903	12431	A	C	0.136581	AO138
8	14	1625	12722	T	C	0.020923	AO138
8	26	2290	12734	A	G	0.039721	AO138
8	742	7894	13450	G	A	0.046747	AO138
1	1524	7387	1524	C	T	0.030053	AO139
2	730	7990	3071	T	A	0.032497	AO139
3	100	7896	4782	A	G	0.996961	AO139
3	839	7975	5521	A	G	0.035633	AO139
3	1149	7704	5831	A	T	0.171096	AO139
4	863	7963	7778	G	A	0.025796	AO139
5	819	7922	9475	T	C	0.031112	AO139
5	1550	1399	10206	C	T	0.1543	AO139
6	39	974	10260	T	C	0.026694	AO139
6	225	3498	10446	C	T	0.835049	AO139
6	931	4080	11152	T	C	0.027696	AO139
8	406	7999	13114	A	C	0.917829	AO139
1	52	4640	52	G	A	0.044397	AO140
1	178	7017	178	A	G	0.041053	AO140
1	503	7675	503	C	A	0.023283	AO140
1	1254	7963	1254	C	T	0.055401	AO140
1	1650	7497	1650	G	A	0.052922	AO140
1	1821	7933	1821	G	A	0.048788	AO140
1	1964	7746	1964	G	A	0.037661	AO140
1	2299	3313	2299	A	C	0.041856	AO140
2	111	4911	2452	A	C	0.021991	AO140
2	346	7933	2687	C	A	0.746369	AO140
2	352	7829	2693	A	G	0.049061	AO140
2	554	7937	2895	A	G	0.737192	AO140
2	826	7166	3167	C	T	0.047088	AO140
2	866	7272	3207	A	G	0.043694	AO140
2	1761	7802	4102	G	T	0.732097	AO140
2	1896	7834	4237	G	A	0.043612	AO140
2	1901	7812	4242	A	G	0.031575	AO140
3	100	7973	4782	A	G	0.975478	AO140
3	805	7697	5487	C	T	0.036279	AO140
3	1081	7968	5763	A	G	0.053595	AO140
3	1151	7703	5833	C	T	0.023399	AO140
3	1377	7984	6059	T	C	0.048244	AO140
3	1817	7855	6499	C	A	0.035808	AO140
4	534	7996	7449	T	G	0.020767	AO140
4	733	7851	7648	T	A	0.043468	AO140
4	734	7995	7649	G	A	0.04323	AO140
4	935	7895	7850	G	A	0.020653	AO140
4	947	7956	7862	T	C	0.03015	AO140
4	1163	7947	8078	T	G	0.554117	AO140
5	92	8000	8748	G	A	0.020883	AO140
5	305	7685	8961	A	G	0.0413	AO140
5	333	7695	8989	C	A	0.063764	AO140
5	469	7977	9125	A	G	0.020109	AO140
5	561	7971	9217	C	T	0.020922	AO140
5	1443	7117	10099	C	A	0.668733	AO140
5	1538	2383	10194	A	T	0.043973	AO140
5	1550	2018	10206	C	T	0.765809	AO140
6	596	7985	10817	A	G	0.029237	AO140
6	813	7959	11034	C	T	0.030886	AO140
6	914	7979	11135	C	A	0.025816	AO140
6	936	7094	11157	C	T	0.11059	AO140
6	1385	4509	11606	T	G	0.025793	AO140
8	248	5845	12956	C	A	0.427545	AO140
1	2327	1459	2327	G	T	0.023402	AO141
2	1581	7799	3922	A	G	0.041772	AO141
2	1914	7993	4255	G	A	0.710224	AO141
3	100	7383	4782	A	G	0.992824	AO141
3	135	7963	4817	A	C	0.610795	AO141
3	1201	7911	5883	T	C	0.077314	AO141
4	110	7999	7025	G	A	0.02246	AO141
4	425	7931	7340	A	G	0.041045	AO141
5	924	7973	9580	G	A	0.073716	AO141
5	1000	7989	9656	A	C	0.024016	AO141
5	1382	7976	10038	G	A	0.103853	AO141
5	1550	1630	10206	C	T	0.250706	AO141
6	797	7618	11018	A	G	0.121037	AO141
6	1255	6554	11476	A	G	0.077029	AO141
8	394	7986	13102	T	C	0.024465	AO141
8	400	7966	13108	G	A	0.076412	AO141
8	406	7980	13114	A	C	0.887558	AO141
1	340	3168	340	A	G	0.020202	AO142
3	1114	5876	5534	A	G	0.023826	AO142
3	1130	5919	5550	C	A	0.069268	AO142
4	390	7983	7043	A	G	0.024944	AO142
4	500	7679	7153	C	T	0.051457	AO142
4	732	7742	7385	C	G	0.115605	AO142
4	732	7742	7385	C	T	0.883505	AO142
4	734	7730	7387	G	A	0.113956	AO142
4	734	7730	7387	G	C	0.884748	AO142
5	1076	2112	9470	C	T	0.99858	AO142
6	615	6682	10574	C	T	0.602977	AO142
7	180	4132	11599	T	C	0.027832	AO142
7	361	5785	11780	A	T	0.997926	AO142
1	27	7140	27	T	C	0.088655	AO145
1	123	8000	123	G	A	0.087611	AO145
1	905	7998	905	G	A	0.133342	AO145
1	2219	7761	2219	T	C	0.074633	AO145
2	974	7876	3315	T	C	0.056976	AO145
3	100	6839	4782	A	G	0.996931	AO145
3	1003	7296	5685	G	A	0.129249	AO145
4	621	7949	7536	A	G	0.296429	AO145
4	732	7753	7647	C	A	0.079091	AO145
4	733	7688	7648	T	A	0.07722	AO145
4	734	7892	7649	G	A	0.153305	AO145
4	1020	7981	7935	A	G	0.041191	AO145
4	1410	7982	8325	G	A	0.082344	AO145
5	11	865	8667	G	A	0.021965	AO145
5	1550	995	10206	C	T	0.960804	AO145
6	499	7928	10720	G	A	0.164677	AO145
6	759	7630	10980	G	T	0.158205	AO145
6	1154	7947	11375	G	A	0.057479	AO145
6	1171	7885	11392	T	C	0.138442	AO145
7	146	7806	11827	G	T	0.036384	AO145
7	473	7761	12154	A	G	0.035072	AO145
7	907	7943	12588	C	T	0.034982	AO145
8	158	7409	12866	A	G	0.028929	AO145
8	162	7184	12870	A	G	0.034357	AO145
8	225	7742	12933	C	T	0.02889	AO145
8	437	7979	13145	T	C	0.237937	AO145
1	236	7919	236	G	A	0.02504	AO146
1	696	7839	696	G	A	0.024212	AO146
1	1287	7982	1287	C	T	0.023973	AO146
1	1551	7654	1551	A	T	0.020812	AO146
1	2142	7324	2142	A	G	0.829728	AO146
2	59	1312	2400	T	C	0.049543	AO146
2	204	5758	2545	G	A	0.023793	AO146
2	432	5176	2773	C	T	0.024343	AO146
2	1080	7245	3421	A	G	0.057419	AO146
2	1393	6348	3734	G	A	0.027344	AO146
2	1437	5896	3778	G	A	0.020421	AO146
3	100	4674	4782	A	G	0.932008	AO146
3	290	7262	4972	C	T	0.026439	AO146
3	506	7136	5188	A	G	0.03167	AO146
3	940	6830	5622	G	A	0.033135	AO146
3	946	6682	5628	A	G	0.047773	AO146
4	392	7856	7307	G	A	0.021797	AO146
4	411	7995	7326	A	G	0.065185	AO146
4	504	7328	7419	A	G	0.021154	AO146
4	732	7926	7647	C	A	0.247671	AO146
4	733	7836	7648	T	A	0.660233	AO146
4	734	7891	7649	G	A	0.658883	AO146
4	734	7891	7649	G	C	0.059616	AO146
4	1017	7978	7932	C	T	0.027037	AO146
4	1406	7949	8321	C	T	0.02062	AO146
5	135	7998	8791	A	G	0.031253	AO146
5	300	7932	8956	G	A	0.023409	AO146
5	601	7954	9257	G	A	0.124543	AO146
5	700	7921	9356	T	C	0.026717	AO146
5	962	7795	9618	T	G	0.026862	AO146
5	1491	4752	10147	T	C	0.171717	AO146
5	1550	1273	10206	C	T	0.102041	AO146
5	1551	1221	10207	A	G	0.025389	AO146
6	396	7945	10617	A	G	0.03301	AO146
7	814	7942	12495	G	A	0.161477	AO146
8	14	3559	12722	T	C	0.020511	AO146
1	1073	3677	1073	T	C	0.034258	AO147
1	1422	4215	1422	T	C	0.037011	AO147
1	1854	5257	1854	G	T	0.181663	AO147
2	987	4693	3328	G	A	0.024078	AO147
2	1171	5417	3512	G	A	0.609378	AO147
2	1967	4382	4308	C	T	0.026244	AO147
3	100	1464	4782	A	G	0.998634	AO147
3	839	2449	5521	A	C	0.109024	AO147
3	1548	3081	6230	G	A	0.153846	AO147
3	1969	2485	6651	C	A	0.123944	AO147
4	372	7419	7287	G	A	0.0311	AO147
4	388	6857	7303	T	A	0.030223	AO147
4	408	7992	7323	G	T	0.067821	AO147
4	490	7839	7405	G	A	0.187394	AO147
4	612	7953	7527	C	T	0.144356	AO147
4	648	7817	7563	A	G	0.112205	AO147
4	671	7787	7586	A	G	0.055971	AO147
4	732	7882	7647	C	A	0.084647	AO147
4	732	7882	7647	C	G	0.206834	AO147
4	732	7882	7647	C	T	0.379918	AO147
4	733	7844	7648	T	A	0.250394	AO147
4	734	7864	7649	G	A	0.541077	AO147
4	734	7864	7649	G	C	0.384142	AO147
4	788	7976	7703	A	G	0.034	AO147
5	100	3325	8756	C	A	0.042406	AO147
5	113	3540	8769	C	T	0.177119	AO147
5	165	3705	8821	C	T	0.184615	AO147
5	831	4729	9487	T	C	0.218016	AO147
5	1079	4829	9735	G	A	0.154276	AO147
5	1491	1915	10147	T	C	0.147258	AO147
5	1550	526	10206	C	T	0.323194	AO147
6	208	7553	10429	A	G	0.027599	AO147
6	514	7764	10735	T	C	0.122275	AO147
6	771	7632	10992	A	G	0.054588	AO147
6	1228	7990	11449	G	A	0.023028	AO147
7	437	7994	12118	G	A	0.023479	AO147
7	927	5786	12608	A	G	0.023304	AO147
8	14	1037	12722	T	C	0.023144	AO147
8	65	3497	12773	C	T	0.021447	AO147
8	437	6543	13145	T	C	0.096286	AO147
8	444	6274	13152	C	T	0.032675	AO147
1	225	4265	225	G	A	0.031529	AO163
1	499	7816	499	G	T	0.025411	AO163
1	553	7268	553	A	G	0.075555	AO163
1	611	7780	611	A	G	0.035491	AO163
1	852	7792	852	C	A	0.045652	AO163
1	1604	7684	1604	A	G	0.024653	AO163
1	1797	7992	1797	C	T	0.119142	AO163
1	2049	7948	2049	G	T	0.032062	AO163
2	594	6958	2935	A	G	0.054039	AO163
2	2292	2427	4633	A	G	0.028018	AO163
3	65	3241	4747	T	A	0.020056	AO163
3	93	4363	4775	G	A	0.022691	AO163
3	100	4510	4782	A	G	0.237472	AO163
3	364	5580	5046	G	A	0.045341	AO163
3	1728	6854	6410	C	T	0.188795	AO163
3	1829	7057	6511	C	T	0.042086	AO163
3	2017	7374	6699	C	T	0.025766	AO163
4	136	7992	7051	A	C	0.036286	AO163
4	587	7981	7502	T	C	0.057093	AO163
4	732	7921	7647	C	A	0.045798	AO163
4	1067	7545	7982	T	C	0.027424	AO163
4	1517	7938	8432	T	C	0.084331	AO163
5	366	7204	9022	G	A	0.076181	AO163
5	1370	7804	10026	C	T	0.033806	AO163
5	1374	7918	10030	A	G	0.025739	AO163
5	1431	7219	10087	A	G	0.020439	AO163
5	1550	1698	10206	C	T	0.231532	AO163
6	114	7998	10335	C	A	0.02612	AO163
6	118	8000	10339	G	A	0.025783	AO163
6	352	7552	10573	T	A	0.02702	AO163
6	861	7975	11082	G	A	0.027818	AO163
6	1322	7925	11543	T	C	0.042578	AO163
8	164	4678	12872	A	G	0.022745	AO163
8	459	7989	13167	A	G	0.085769	AO163
8	538	7997	13246	A	G	0.023519	AO163
1	1029	7541	1029	G	A	0.02542	AO164
1	1391	7991	1391	A	G	0.026071	AO164
1	2049	7951	2049	G	T	0.038393	AO164
1	2182	7596	2182	G	A	0.021307	AO164
2	128	7996	2469	G	A	0.093932	AO164
2	175	7237	2516	G	A	0.118015	AO164
2	1385	5725	3726	C	T	0.265677	AO164
2	1949	7501	4290	A	C	0.058831	AO164
2	1988	6764	4329	T	C	0.022477	AO164
3	100	6435	4782	A	G	0.317384	AO164
3	333	7337	5015	C	T	0.078104	AO164
3	705	7352	5387	A	G	0.021597	AO164
3	1245	7969	5927	C	T	0.080786	AO164
3	1418	7935	6100	T	C	0.028488	AO164
4	431	7976	7346	A	G	0.031747	AO164
4	732	7848	7647	C	A	0.05484	AO164
4	734	7949	7649	G	A	0.039939	AO164
5	1002	7961	9658	T	G	0.141208	AO164
5	1491	5450	10147	T	C	0.027129	AO164
5	1550	1877	10206	C	T	0.739907	AO164
6	676	7084	10897	C	T	0.022955	AO164
8	287	7983	12995	A	C	0.020518	AO164
8	473	7870	13181	G	A	0.024008	AO164
8	616	7705	13324	C	A	0.085864	AO164
1	934	4009	934	A	G	0.035919	AO165
1	1604	5771	1604	A	G	0.02322	AO165
1	2049	7999	2049	G	T	0.12741	AO165
1	2327	1269	2327	G	T	0.023914	AO165
2	165	5904	2506	T	G	0.028117	AO165
2	309	3638	2650	T	C	0.038471	AO165
2	634	2687	2975	A	G	0.022702	AO165
2	1766	6484	4107	A	C	0.024056	AO165
2	1949	6581	4290	A	C	0.116039	AO165
3	100	7952	4782	A	G	0.152426	AO165
3	779	4559	5461	A	G	0.05045	AO165
3	891	5727	5573	A	G	0.024446	AO165
4	732	7669	7647	C	A	0.251301	AO165
4	732	7669	7647	C	T	0.022165	AO165
4	733	7660	7648	T	A	0.074614	AO165
4	734	7786	7649	G	C	0.021482	AO165
4	734	7786	7649	G	T	0.074734	AO165
4	1032	7822	7947	G	T	0.036922	AO165
4	1313	7872	8228	A	G	0.020034	AO165
5	981	7947	9637	C	T	0.169383	AO165
5	1083	7920	9739	C	T	0.023316	AO165
5	1491	5546	10147	T	C	0.160355	AO165
5	1550	1545	10206	C	T	0.651013	AO165
6	766	7990	10987	T	C	0.07118	AO165
7	775	7981	12456	A	G	0.051964	AO165
8	26	8024	12734	A	G	0.091052	AO165
8	742	7956	13450	G	A	0.092496	AO165
1	152	1883	152	A	T	0.020889	AO169
1	352	4659	352	G	A	0.076378	AO169
1	1627	7742	1627	T	C	0.030354	AO169
1	2049	7997	2049	G	T	0.080045	AO169
1	2327	2307	2327	G	T	0.020691	AO169
2	730	2735	3071	T	A	0.215199	AO169
2	1385	3382	3726	C	T	0.021585	AO169
2	2046	7925	4387	T	C	0.028626	AO169
3	100	7950	4782	A	G	0.21162	AO169
3	1869	6124	6551	A	G	0.238896	AO169
4	734	7963	7649	G	A	0.032616	AO169
5	1550	1773	10206	C	T	0.724196	AO169
6	233	7999	10454	G	A	0.256236	AO169
6	574	7974	10795	A	G	0.022186	AO169
6	1428	1565	11649	T	C	0.022617	AO169
8	164	4609	12872	A	G	0.084813	AO169
8	204	7999	12912	G	A	0.026376	AO169
8	263	7941	12971	G	A	0.220657	AO169
8	846	3407	13554	C	T	0.045464	AO169
1	2049	7978	2049	G	T	0.115772	AO170
2	634	2215	2975	A	G	0.02167	AO170
2	1086	3087	3427	A	G	0.026554	AO170
2	1761	7112	4102	G	T	0.02306	AO170
3	100	6521	4782	A	G	0.129082	AO170
3	606	3734	5288	C	A	0.066417	AO170
3	891	4111	5573	A	G	0.025772	AO170
3	1003	3973	5685	G	A	0.025673	AO170
3	1081	4288	5763	A	G	0.023776	AO170
3	1839	4585	6521	A	G	0.020915	AO170
4	504	7451	7419	A	G	0.027175	AO170
4	1076	7959	7991	A	T	0.024818	AO170
4	1727	1479	8642	A	G	0.021759	AO170
5	1550	1578	10206	C	T	0.725032	AO170
6	39	7529	10260	T	C	0.025501	AO170
6	61	7996	10282	T	C	0.020945	AO170
6	63	7992	10284	T	C	0.025287	AO170
1	52	7978	52	G	A	0.035699	AO171
1	1058	4500	1058	T	C	0.039991	AO171
1	1200	4690	1200	G	A	0.028358	AO171
1	2049	7992	2049	G	T	0.12694	AO171
2	165	6671	2506	T	G	0.048862	AO171
2	289	6794	2630	T	G	0.022614	AO171
2	1239	3750	3580	A	G	0.0328	AO171
2	1384	3623	3725	C	A	0.027601	AO171
2	1914	7837	4255	G	A	0.143268	AO171
2	1949	7919	4290	A	C	0.032077	AO171
3	100	7927	4782	A	G	0.175781	AO171
3	382	4075	5064	A	G	0.04638	AO171
3	1003	3690	5685	G	A	0.022758	AO171
3	1839	4854	6521	A	G	0.026294	AO171
4	503	7939	7418	G	A	0.028818	AO171
4	669	7974	7584	A	G	0.036133	AO171
4	734	7997	7649	G	A	0.031965	AO171
4	1194	7990	8109	T	C	0.02275	AO171
5	1491	4875	10147	T	C	0.031179	AO171
5	1550	1682	10206	C	T	0.461356	AO171
6	19	4683	10240	G	A	0.03865	AO171
6	42	7000	10263	T	C	0.022429	AO171
6	829	7909	11050	T	C	0.03721	AO171
7	442	7817	12123	C	A	0.042966	AO171
8	164	3759	12872	A	G	0.03582	AO171
8	213	7975	12921	C	T	0.058188	AO171
8	406	7980	13114	A	C	0.036269	AO171
1	1187	7786	1187	G	A	0.19433	AO175
2	634	7060	2975	A	G	0.95568	AO175
2	1730	7549	4071	A	G	0.124014	AO175
2	1993	7462	4334	T	C	0.048395	AO175
3	1746	3549	6428	G	A	0.044801	AO175
4	648	7694	7563	A	G	0.105091	AO175
4	732	7980	7647	C	A	0.991288	AO175
4	734	7946	7649	G	A	0.102526	AO175
4	1208	7953	8123	T	A	0.085309	AO175
4	1455	7306	8370	T	C	0.024476	AO175
4	1671	5111	8586	T	G	0.082274	AO175
5	1491	3759	10147	T	C	0.040968	AO175
5	1551	1162	10207	A	G	0.023236	AO175
6	118	3848	10339	G	A	0.636434	AO175
6	442	5897	10663	A	C	0.12447	AO175
6	488	6827	10709	T	C	0.020067	AO175
8	14	3378	12722	T	C	0.023979	AO175
8	477	7795	13185	A	G	0.025891	AO175
1	164	4385	164	G	C	0.023099	AO176
1	1083	7611	1083	G	A	0.083892	AO176
1	2049	7992	2049	G	T	0.200842	AO176
2	165	6270	2506	T	G	0.058732	AO176
2	634	6327	2975	A	G	0.053351	AO176
2	1554	7680	3895	C	T	0.04392	AO176
2	1949	7986	4290	A	C	0.081132	AO176
2	2162	7963	4503	G	A	0.032371	AO176
3	717	5751	5399	C	T	0.048687	AO176
3	891	6952	5573	A	G	0.130122	AO176
3	1746	5899	6428	G	A	0.043567	AO176
4	301	7980	7216	A	G	0.03001	AO176
4	472	7606	7387	C	T	0.071554	AO176
4	727	7939	7642	A	G	0.123123	AO176
4	728	7926	7643	T	G	0.033087	AO176
4	732	7770	7647	C	A	0.89289	AO176
4	732	7770	7647	C	T	0.075315	AO176
4	734	7901	7649	G	C	0.100675	AO176
5	981	7890	9637	C	T	0.03772	AO176
5	1491	5346	10147	T	C	0.059328	AO176
5	1550	1802	10206	C	T	0.829294	AO176
6	640	7980	10861	G	A	0.024622	AO176
8	325	7182	13033	G	A	0.06986	AO176
8	774	6563	13482	T	C	0.057533	AO176
1	913	5960	913	G	A	0.037416	AO177
1	934	6017	934	A	G	0.032408	AO177
1	1002	6140	1002	T	C	0.069055	AO177
1	2014	7997	2014	A	G	0.073957	AO177
1	2049	7996	2049	G	T	0.172784	AO177
1	2127	7967	2127	A	G	0.023207	AO177
2	165	5020	2506	T	G	0.067092	AO177
2	293	7363	2634	A	G	0.031183	AO177
2	318	4161	2659	C	T	0.024936	AO177
2	473	5503	2814	T	G	0.113756	AO177
2	634	3212	2975	A	G	0.143213	AO177
2	1949	7935	4290	A	C	0.09126	AO177
2	2163	7922	4504	C	T	0.025088	AO177
3	91	7990	4773	G	A	0.020133	AO177
3	891	3973	5573	A	G	0.077523	AO177
3	1476	4845	6158	A	G	0.031373	AO177
4	66	7983	6981	G	A	0.030368	AO177
4	524	8000	7439	A	C	0.032916	AO177
4	566	7978	7481	T	C	0.027291	AO177
4	612	7954	7527	C	A	0.329535	AO177
4	648	7597	7563	A	G	0.028086	AO177
4	702	7996	7617	G	A	0.338862	AO177
4	732	7835	7647	C	A	0.297509	AO177
4	732	7835	7647	C	G	0.313765	AO177
4	732	7835	7647	C	T	0.028776	AO177
4	734	7907	7649	G	A	0.663226	AO177
4	734	7907	7649	G	C	0.057189	AO177
4	761	7669	7676	G	A	0.034093	AO177
4	950	7623	7865	C	T	0.04159	AO177
5	981	7937	9637	C	T	0.069754	AO177
5	1236	7965	9892	T	C	0.021808	AO177
5	1491	4811	10147	T	C	0.096356	AO177
5	1550	1574	10206	C	T	0.813758	AO177
6	118	8000	10339	G	A	0.144773	AO177
6	453	7990	10674	A	G	0.040953	AO177
6	938	7783	11159	G	A	0.023551	AO177
7	322	7489	12003	A	G	0.031751	AO177
7	902	7350	12583	T	C	0.07996	AO177
8	26	8004	12734	A	G	0.052326	AO177
8	445	7939	13153	G	A	0.021678	AO177
8	742	7954	13450	G	A	0.053184	AO177
8	804	3451	13512	C	A	0.048389	AO177
8	828	2368	13536	G	A	0.02438	AO177
8	876	1098	13584	A	G	0.022982	AO177
1	1251	7143	1251	T	C	0.046691	AO181
2	280	7230	2621	G	A	0.086663	AO181
2	379	7485	2720	G	A	0.041811	AO181
2	534	7864	2875	A	G	0.055443	AO181
2	815	7585	3156	A	G	0.020825	AO181
2	1014	7295	3355	T	A	0.029168	AO181
3	100	5095	4782	A	G	0.957213	AO181
4	612	7944	7527	C	A	0.023832	AO181
4	732	7845	7647	C	A	0.539187	AO181
4	733	7822	7648	T	A	0.070078	AO181
4	734	7908	7649	G	A	0.181513	AO181
4	844	7828	7759	G	A	0.04295	AO181
5	981	7924	9637	C	T	0.027994	AO181
5	1156	7749	9812	G	A	0.131219	AO181
5	1491	5227	10147	T	C	0.040355	AO181
5	1550	1598	10206	C	T	0.2	AO181
5	1551	1523	10207	A	G	0.021239	AO181
6	141	8000	10362	C	T	0.033061	AO181
6	454	7902	10675	C	T	0.037622	AO181
6	1081	7679	11302	T	G	0.026927	AO181
8	437	7989	13145	T	C	0.040534	AO181
8	678	7919	13386	C	T	0.02847	AO181
1	495	7488	495	T	C	0.030582	AO182
1	1899	7224	1899	C	A	0.038059	AO182
1	2049	7969	2049	G	T	0.022844	AO182
1	2142	7698	2142	A	G	0.024922	AO182
2	1905	7834	4246	T	C	0.039636	AO182
2	1949	7975	4290	A	C	0.051852	AO182
3	100	4602	4782	A	G	0.858198	AO182
3	1350	7612	6032	A	G	0.021779	AO182
4	732	7941	7647	C	A	0.165733	AO182
4	733	7836	7648	T	A	0.151512	AO182
4	734	7923	7649	G	A	0.193167	AO182
4	734	7923	7649	G	C	0.174658	AO182
4	1727	1497	8642	A	G	0.027764	AO182
5	1491	5246	10147	T	C	0.063283	AO182
5	1536	2127	10192	C	A	0.022138	AO182
5	1550	1564	10206	C	T	0.449976	AO182
5	1551	1495	10207	A	G	0.023553	AO182
8	164	4191	12872	A	G	0.02076	AO182
8	653	7731	13361	T	C	0.290603	AO182
1	164	2884	164	G	C	0.028512	AO183
1	2049	7997	2049	G	T	0.200568	AO183
2	165	3210	2506	T	G	0.107591	AO183
2	365	4935	2706	T	C	0.020454	AO183
2	634	3533	2975	A	G	0.035664	AO183
3	100	7961	4782	A	G	0.22418	AO183
3	1641	6435	6323	G	A	0.035219	AO183
4	732	7904	7647	C	A	0.057233	AO183
4	734	7964	7649	G	A	0.026501	AO183
4	1391	7835	8306	A	G	0.020612	AO183
4	1727	1226	8642	A	G	0.032403	AO183
5	1433	7189	10089	T	G	0.020941	AO183
5	1491	5014	10147	T	C	0.038391	AO183
5	1550	1836	10206	C	T	0.630868	AO183
6	118	8000	10339	G	A	0.037264	AO183
6	453	7983	10674	A	G	0.044614	AO183
6	1411	2838	11632	C	T	0.030326	AO183
8	164	3884	12872	A	G	0.021812	AO183
1	1479	2599	1479	G	A	0.117353	AO187
3	838	4359	5520	G	A	0.249541	AO187
3	891	4477	5573	A	G	0.997766	AO187
4	625	7488	7540	A	T	0.046223	AO187
4	732	7901	7647	C	A	0.79353	AO187
4	732	7901	7647	C	T	0.191442	AO187
5	1550	746	10206	C	T	0.986595	AO187
6	1167	7876	11388	C	T	0.993608	AO187
7	592	7967	12273	G	A	0.023095	AO187
7	950	7739	12631	A	G	0.14941	AO187
1	58	2852	58	A	G	0.140252	AO188
1	341	5979	341	C	A	0.100635	AO188
1	513	7583	513	C	T	0.049189	AO188
1	549	6840	549	C	T	0.898246	AO188
1	934	7160	934	A	G	0.098662	AO188
1	2327	1598	2327	G	T	0.029056	AO188
2	1949	7922	4290	A	C	0.896703	AO188
2	2292	3822	4633	A	G	0.875152	AO188
4	732	7470	7647	C	A	0.998652	AO188
4	733	7477	7648	T	A	0.850067	AO188
4	734	7523	7649	G	T	0.850241	AO188
5	1263	7958	9919	C	A	0.215213	AO188
5	1344	6852	10000	C	T	0.973169	AO188
5	1491	5359	10147	T	C	0.028923	AO188
5	1550	1446	10206	C	T	0.958506	AO188
6	39	7070	10260	T	C	0.034795	AO188
6	49	7871	10270	T	C	0.040529	AO188
7	528	7974	12209	C	T	0.023635	AO188
8	26	8025	12734	A	G	0.079773	AO188
8	162	4012	12870	A	G	0.021735	AO188
8	487	7988	13195	G	A	0.033324	AO188
8	742	7920	13450	G	A	0.086245	AO188
1	1022	1150	1022	G	A	0.02087	AO189
1	1128	1344	1128	A	G	0.927083	AO189
1	2327	978	2327	G	T	0.025562	AO189
2	81	1687	2422	T	C	0.021327	AO189
2	1689	749	4030	C	T	0.919893	AO189
2	1896	948	4237	G	A	0.021097	AO189
2	2269	1432	4610	A	G	0.02933	AO189
3	2037	853	6719	A	G	0.021102	AO189
3	2055	813	6737	A	G	0.02829	AO189
4	612	5630	7527	C	A	0.055062	AO189
4	732	4907	7647	C	A	0.934393	AO189
4	732	4907	7647	C	G	0.022209	AO189
4	732	4907	7647	C	T	0.034434	AO189
4	733	4907	7648	T	A	0.080277	AO189
4	734	4892	7649	G	A	0.894543	AO189
4	734	4892	7649	G	T	0.080114	AO189
4	1571	4775	8486	G	A	0.814869	AO189
4	1727	827	8642	A	G	0.039903	AO189
5	198	2602	8854	C	T	0.029208	AO189
5	1344	3122	10000	C	T	0.320948	AO189
5	1431	3975	10087	A	G	0.069182	AO189
5	1448	3783	10104	A	G	0.025112	AO189
5	1455	3719	10111	G	A	0.027965	AO189
5	1472	3453	10128	T	G	0.064002	AO189
5	1489	2973	10145	A	G	0.026909	AO189
5	1501	2275	10157	T	A	0.025495	AO189
5	1515	1950	10171	A	G	0.029744	AO189
5	1535	1337	10191	A	G	0.035901	AO189
5	1550	824	10206	C	T	0.743932	AO189
5	1551	807	10207	A	C	0.034696	AO189
5	1551	807	10207	A	G	0.037175	AO189
7	1014	1323	12695	A	G	0.026355	AO189
8	14	1504	12722	T	C	0.027926	AO189
8	58	2455	12766	T	A	0.021589	AO189
8	110	3157	12818	T	C	0.025657	AO189
8	171	2586	12879	A	C	0.021268	AO189
8	829	2041	13537	C	A	0.85071	AO189
8	841	1350	13549	A	G	0.023704	AO189
8	841	1350	13549	A	T	0.028889	AO189
8	876	828	13584	A	C	0.036232	AO189
8	876	828	13584	A	G	0.036232	AO189
1	27	3576	27	T	C	0.299525	AO193
2	222	5012	2563	C	A	0.058859	AO193
2	1014	5322	3355	T	A	0.050338	AO193
2	2049	7671	4390	C	T	0.046971	AO193
3	100	4316	4782	A	G	0.997223	AO193
3	1003	7081	5685	G	A	0.318835	AO193
4	281	7974	7196	T	C	0.066328	AO193
4	732	7783	7647	C	A	0.147088	AO193
4	733	7613	7648	T	A	0.283911	AO193
4	734	7722	7649	G	A	0.426534	AO193
5	1509	4373	10165	C	T	0.027265	AO193
5	1550	1701	10206	C	T	0.368656	AO193
6	39	8000	10260	T	C	0.022674	AO193
6	255	7930	10476	T	C	0.038895	AO193
6	635	7944	10856	G	A	0.081066	AO193
8	233	7998	12941	G	A	0.035868	AO193
8	283	7992	12991	C	A	0.021895	AO193
8	437	7986	13145	T	C	0.362608	AO193
1	87	5546	87	G	T	0.020555	AO194
1	180	7359	180	G	T	0.032681	AO194
1	637	7944	637	G	A	0.026014	AO194
1	729	7149	729	G	T	0.020433	AO194
1	1152	7974	1152	A	G	0.049292	AO194
1	1171	7993	1171	A	G	0.029197	AO194
1	1650	7513	1650	G	A	0.031347	AO194
1	2060	7991	2060	A	C	0.032587	AO194
1	2311	2122	2311	C	A	0.033596	AO194
2	18	425	2359	C	A	0.025882	AO194
2	37	589	2378	C	A	0.020374	AO194
2	85	1125	2426	A	C	0.038222	AO194
2	841	2523	3182	G	A	0.030519	AO194
2	1014	3231	3355	T	A	0.056948	AO194
2	1098	3658	3439	G	A	0.148715	AO194
2	1312	3828	3653	A	G	0.038401	AO194
2	1428	4290	3769	G	A	0.031702	AO194
2	1500	5659	3841	C	A	0.020314	AO194
2	1677	7094	4018	C	A	0.022272	AO194
2	2135	5525	4476	C	A	0.022986	AO194
3	41	1381	4723	G	T	0.026792	AO194
3	100	2480	4782	A	G	0.993556	AO194
3	190	3543	4872	G	T	0.02258	AO194
3	1003	4129	5685	G	A	0.087673	AO194
3	1578	5658	6260	G	T	0.022269	AO194
3	1839	4328	6521	A	G	0.030037	AO194
3	1926	4520	6608	G	A	0.025221	AO194
3	2032	4831	6714	C	A	0.023184	AO194
3	2210	1183	6892	C	A	0.022823	AO194
4	173	7987	7088	C	A	0.022167	AO194
4	566	7947	7481	T	C	0.021081	AO194
4	732	7857	7647	C	A	0.054058	AO194
4	733	7688	7648	T	A	0.418766	AO194
4	734	7841	7649	G	A	0.46131	AO194
4	1334	7822	8249	A	G	0.027049	AO194
5	76	7562	8732	G	T	0.025126	AO194
5	111	7976	8767	C	T	0.020458	AO194
5	546	7538	9202	G	A	0.026345	AO194
5	1138	7985	9794	A	G	0.330917	AO194
5	1515	3538	10171	A	G	0.020338	AO194
5	1550	1502	10206	C	T	0.462051	AO194
6	12	2211	10233	G	T	0.021257	AO194
6	118	7996	10339	G	T	0.02508	AO194
6	233	8000	10454	G	A	0.039992	AO194
6	392	7976	10613	G	T	0.044638	AO194
6	433	7979	10654	G	T	0.044303	AO194
6	452	7894	10673	G	T	0.021295	AO194
6	754	7974	10975	A	T	0.037188	AO194
6	1104	7891	11325	G	T	0.020262	AO194
6	1182	7858	11403	C	A	0.021456	AO194
6	1201	7951	11422	C	A	0.024035	AO194
7	614	7082	12295	G	T	0.021288	AO194
7	941	6854	12622	T	C	0.061373	AO194
7	981	5423	12662	C	A	0.029284	AO194
7	989	4991	12670	C	A	0.02768	AO194
8	126	7863	12834	G	T	0.021284	AO194
8	263	7935	12971	G	T	0.020316	AO194
8	293	7996	13001	C	T	0.020972	AO194
8	379	7999	13087	G	A	0.033698	AO194
8	437	7980	13145	T	C	0.398155	AO194
8	445	7949	13153	G	T	0.020417	AO194
8	603	7935	13311	C	A	0.020959	AO194
8	641	7804	13349	C	A	0.149138	AO194
1	732	6392	732	T	C	0.027978	AO195
1	735	6480	735	A	G	0.026174	AO195
1	2327	1424	2327	G	T	0.031411	AO195
2	1949	7984	4290	A	C	0.09873	AO195
2	2261	5494	4602	T	C	0.025363	AO195
3	100	7938	4782	A	G	0.910005	AO195
4	732	7859	7647	C	T	0.107338	AO195
4	733	7729	7648	T	A	0.142273	AO195
4	734	7865	7649	G	A	0.819499	AO195
4	734	7865	7649	G	C	0.10936	AO195
4	787	7998	7702	G	A	0.026377	AO195
6	194	6994	10415	A	G	0.021161	AO195
7	337	7999	12018	G	A	0.105544	AO195
8	437	7971	13145	T	C	0.877779	AO195
1	1092	4763	1092	A	G	0.039891	AO199
1	1367	5477	1367	A	G	0.045828	AO199
1	2162	7836	2162	A	G	0.076172	AO199
2	49	5020	2390	T	C	0.022908	AO199
2	77	6545	2418	T	C	0.02692	AO199
2	136	7867	2477	T	C	0.023301	AO199
2	1786	4340	4127	G	A	0.025576	AO199
2	1949	7977	4290	A	C	0.054908	AO199
2	2108	7977	4449	T	C	0.021798	AO199
2	2122	7921	4463	T	C	0.023251	AO199
2	2137	7892	4478	T	C	0.023684	AO199
2	2150	7621	4491	T	C	0.022771	AO199
2	2157	7669	4498	T	C	0.022671	AO199
2	2177	7558	4518	T	C	0.0235	AO199
2	2184	7554	4525	T	C	0.023577	AO199
2	2195	7951	4536	T	C	0.023003	AO199
2	2212	7381	4553	T	C	0.025589	AO199
3	1347	7967	6029	G	A	0.057155	AO199
4	578	7993	7493	G	T	0.049454	AO199
4	731	7888	7646	T	C	0.401142	AO199
4	1336	7913	8251	A	G	0.02177	AO199
4	1654	5885	8569	T	C	0.047062	AO199
5	1550	1525	10206	C	T	0.843029	AO199
6	1164	7962	11385	C	A	0.074472	AO199
6	1182	7884	11403	C	T	0.020766	AO199
6	1407	3391	11628	A	G	0.034439	AO199
1	2327	1773	2327	G	T	0.025328	AO200
2	2292	4305	4633	A	G	0.030108	AO200
3	100	7927	4782	A	G	0.969419	AO200
3	1536	7397	6218	T	C	0.043163	AO200
5	981	7945	9637	C	T	0.336775	AO200
5	1491	5379	10147	T	C	0.839063	AO200
5	1550	1887	10206	C	T	0.558592	AO200
6	39	7157	10260	T	C	0.0204	AO200
1	428	7916	428	A	G	0.02922	AO201
1	934	7839	934	A	G	0.866862	AO201
1	1796	7999	1796	G	A	0.026293	AO201
1	2327	1214	2327	G	T	0.021782	AO201
2	634	5739	2975	A	G	0.921066	AO201
3	100	5103	4782	A	G	0.045072	AO201
3	891	7993	5573	A	G	0.82345	AO201
3	2218	1124	6900	G	C	0.022242	AO201
4	732	7908	7647	C	A	0.821624	AO201
4	732	7908	7647	C	T	0.020531	AO201
4	734	7903	7649	G	C	0.020447	AO201
4	750	7980	7665	T	C	0.121485	AO201
4	1439	7792	8354	G	A	0.030656	AO201
5	746	7966	9402	C	G	0.030418	AO201
5	1491	5420	10147	T	C	0.701237	AO201
5	1515	4081	10171	A	G	0.020372	AO201
5	1550	1852	10206	C	T	0.257758	AO201
6	829	7934	11050	T	C	0.026674	AO201
8	26	8023	12734	A	G	0.026323	AO201
8	436	7978	13144	T	C	0.067006	AO201
8	742	7938	13450	G	A	0.028977	AO201
1	2327	1439	2327	G	T	0.024851	AO205
2	1761	7709	4102	G	T	0.684353	AO205
3	100	7966	4782	A	G	0.983192	AO205
3	235	6090	4917	T	C	0.035711	AO205
3	1896	7985	6578	A	G	0.033283	AO205
4	1163	7919	8078	T	G	0.970521	AO205
5	288	7952	8944	A	G	0.082476	AO205
5	1515	4320	10171	A	G	0.022312	AO205
5	1550	1865	10206	C	T	0.98037	AO205
6	453	7986	10674	A	G	0.021609	AO205
1	721	6002	721	T	C	0.022159	AO206
1	2327	1383	2327	G	T	0.024584	AO206
3	100	4455	4782	A	G	0.731313	AO206
3	589	5701	5271	G	A	0.04279	AO206
4	733	7754	7648	T	A	0.066455	AO206
4	734	7872	7649	G	A	0.080797	AO206
4	1577	7801	8492	G	A	0.020881	AO206
5	253	7991	8909	G	T	0.075348	AO206
5	945	7988	9601	G	A	0.024097	AO206
5	1314	6977	9970	G	A	0.039446	AO206
5	1515	3869	10171	A	G	0.023003	AO206
5	1550	1527	10206	C	T	0.886377	AO206
6	1408	3470	11629	T	C	0.027987	AO206
8	406	7985	13114	A	C	0.022709	AO206
1	192	7998	192	C	A	0.022118	AO207
1	195	7982	195	G	A	0.233248	AO207
1	300	5275	300	A	C	0.032213	AO207
1	467	6448	467	T	C	0.02652	AO207
1	901	7262	901	G	A	0.269336	AO207
1	1405	7638	1405	A	T	0.282811	AO207
1	1604	7714	1604	A	G	0.044801	AO207
1	1662	7488	1662	G	A	0.033521	AO207
2	884	3031	3225	G	A	0.020125	AO207
2	1170	4554	3511	C	T	0.022398	AO207
2	1603	6167	3944	G	A	0.030971	AO207
2	1680	7726	4021	T	C	0.408103	AO207
2	1879	7174	4220	G	A	0.517228	AO207
3	100	7953	4782	A	G	0.973939	AO207
3	576	4270	5258	C	T	0.024122	AO207
3	860	4634	5542	G	A	0.020932	AO207
4	625	7483	7540	A	G	0.093068	AO207
4	725	7929	7640	C	T	0.333217	AO207
4	733	7640	7648	T	A	0.335855	AO207
4	734	7744	7649	G	A	0.331971	AO207
4	1727	1378	8642	A	G	0.022912	AO207
5	1431	7301	10087	A	G	0.0236	AO207
5	1515	4085	10171	A	G	0.020462	AO207
5	1550	1832	10206	C	T	0.470495	AO207
5	1551	1784	10207	A	G	0.022162	AO207
6	440	7971	10661	A	G	0.02104	AO207
6	1048	7960	11269	G	A	0.027157	AO207
6	1207	7830	11428	T	C	0.022557	AO207
6	1225	7449	11446	T	A	0.021621	AO207
8	225	7974	12933	C	T	0.043392	AO207
8	406	7974	13114	A	C	0.037754	AO207
1	2327	489	2327	G	T	0.02045	AO211
2	436	2682	2777	C	A	0.024236	AO211
3	838	4896	5520	G	A	0.355801	AO211
3	891	4975	5573	A	G	0.983116	AO211
4	732	7969	7647	C	A	0.992733	AO211
5	1550	1642	10206	C	T	0.990455	AO211
6	1167	7971	11388	C	T	0.988621	AO211
8	297	532	12979	A	G	0.035714	AO212
1	608	3899	608	A	T	0.066427	AO213
4	373	5494	7288	A	G	0.08679	AO213
4	732	4551	7647	C	T	0.988574	AO213
4	734	4529	7649	G	C	0.988742	AO213
5	1044	1597	9700	C	T	0.020038	AO213
5	1431	1023	10087	A	G	0.028348	AO213
6	187	592	10408	A	G	0.04223	AO213
7	284	4104	11965	A	G	0.041179	AO213
1	2327	741	2327	G	T	0.02969	AO217
3	100	5294	4782	A	G	0.993015	AO217
3	1003	7071	5685	G	A	0.661297	AO217
4	733	7542	7648	T	A	0.982169	AO217
4	734	7576	7649	G	A	0.993094	AO217
5	1551	1041	10207	A	G	0.024976	AO217
8	437	7990	13145	T	C	0.396411	AO217
3	100	2880	4782	A	G	0.996875	AO218
3	1003	3928	5685	G	A	0.477221	AO218
3	1260	3819	5942	C	T	0.020948	AO218
4	375	7916	7290	A	G	0.034579	AO218
4	733	7543	7648	T	A	0.994587	AO218
4	734	7650	7649	G	A	0.993186	AO218
5	1551	971	10207	A	G	0.024717	AO218
8	437	7986	13145	T	C	0.635448	AO218
1	2327	689	2327	G	T	0.033382	AO219
2	741	4346	3082	A	G	0.036125	AO219
3	100	3450	4782	A	G	0.995946	AO219
4	733	7553	7648	T	A	0.998011	AO219
4	734	7663	7649	G	A	0.996406	AO219
8	437	7981	13145	T	C	0.997192	AO219
1	1009	3872	1009	T	C	0.11748	AO223
1	1044	3916	1044	A	G	0.025792	AO223
1	1367	4675	1367	A	G	0.13855	AO223
1	2327	808	2327	G	T	0.024691	AO223
2	102	2446	2443	A	G	0.080098	AO223
2	509	3171	2850	G	A	0.036897	AO223
4	731	7810	7646	T	C	0.186303	AO223
4	732	7739	7647	C	A	0.177019	AO223
4	734	7833	7649	G	A	0.175093	AO223
5	1550	1783	10206	C	T	0.111219	AO223
6	1164	7942	11385	C	A	0.021545	AO223
6	1182	7873	11403	C	T	0.090162	AO223
6	1407	4183	11628	A	G	0.185006	AO223
1	923	3092	923	A	T	0.030724	AO224
2	1949	5490	4290	A	C	0.027505	AO224
2	2292	1371	4633	A	G	0.042305	AO224
3	100	3175	4782	A	G	0.951826	AO224
3	891	3757	5573	A	G	0.026085	AO224
3	1536	4909	6218	T	C	0.022612	AO224
4	732	7897	7647	C	T	0.051291	AO224
4	734	7999	7649	G	C	0.050531	AO224
5	981	7897	9637	C	T	0.03536	AO224
5	1491	3293	10147	T	C	0.959915	AO224
5	1550	1070	10206	C	T	0.059813	AO224
4	732	7878	7647	C	T	0.027483	AO225
4	734	7997	7649	G	C	0.026939	AO225
4	750	7960	7665	T	C	0.96471	AO225
8	436	7941	13144	T	C	0.977205	AO225
8	777	7227	13485	C	T	0.020479	AO225
1	1527	7885	1527	T	G	0.049531	AO229
1	2327	1784	2327	G	T	0.022789	AO229
2	1761	7843	4102	G	T	0.521337	AO229
2	2076	7993	4417	G	A	0.050832	AO229
3	100	7882	4782	A	G	0.956796	AO229
3	589	7627	5271	G	A	0.390691	AO229
3	1896	7992	6578	A	G	0.037883	AO229
4	732	7542	7647	C	A	0.453266	AO229
4	733	7334	7648	T	A	0.091912	AO229
4	734	7413	7649	G	A	0.558052	AO229
4	1163	7888	8078	T	G	0.38379	AO229
5	288	7842	8944	A	G	0.053801	AO229
5	1037	7941	9693	T	C	0.026142	AO229
5	1314	7734	9970	G	A	0.044299	AO229
5	1550	2352	10206	C	T	0.561942	AO229
6	252	7980	10473	A	C	0.027612	AO229
1	2327	868	2327	G	T	0.026406	AO230
3	100	3816	4782	A	G	0.877519	AO230
3	589	4945	5271	G	A	0.551062	AO230
4	490	7834	7405	G	A	0.050055	AO230
4	732	7684	7647	C	A	0.276391	AO230
4	733	7162	7648	T	A	0.589635	AO230
4	734	7172	7649	G	A	0.896192	AO230
5	1314	7542	9970	G	A	0.432844	AO230
5	1550	1569	10206	C	T	0.038241	AO230
6	1408	4042	11629	T	C	0.033243	AO230
1	1604	6124	1604	A	G	0.025637	AO231
2	1869	4525	4210	G	A	0.043094	AO231
2	1879	4621	4220	G	A	0.080935	AO231
2	1949	4949	4290	A	C	0.50293	AO231
3	100	3844	4782	A	G	0.315133	AO231
3	589	4489	5271	G	A	0.060593	AO231
3	1168	5468	5850	G	A	0.627835	AO231
4	732	7762	7647	C	T	0.530346	AO231
4	733	7596	7648	T	A	0.155223	AO231
4	734	7612	7649	G	A	0.154935	AO231
4	734	7612	7649	G	C	0.547216	AO231
5	264	6424	8920	A	G	0.029265	AO231
5	1314	5405	9970	G	A	0.140611	AO231
5	1550	1076	10206	C	T	0.363383	AO231
7	570	7905	12251	C	T	0.120317	AO231
8	840	5317	13548	A	G	0.026095	AO231
1	356	6080	356	A	G	0.054112	AO232
1	623	6917	623	C	A	0.045106	AO232
1	999	6721	999	C	T	0.197443	AO232
1	1057	6584	1057	G	A	0.19031	AO232
1	1861	7365	1861	A	C	0.162073	AO232
2	373	4485	2714	A	G	0.044147	AO232
2	1323	7001	3664	A	C	0.130838	AO232
2	2298	1788	4639	G	A	0.219239	AO232
3	603	3328	5285	G	A	0.117788	AO232
3	838	3589	5520	G	A	0.383565	AO232
3	891	3793	5573	A	G	0.998155	AO232
3	1323	4910	6005	C	T	0.064562	AO232
4	732	7907	7647	C	A	0.050552	AO232
4	732	7907	7647	C	T	0.923107	AO232
4	824	7626	7739	T	C	0.02099	AO232
4	1228	7941	8143	A	C	0.022376	AO232
5	625	7617	9281	A	G	0.0477	AO232
5	708	7864	9364	A	G	0.157512	AO232
5	1550	1152	10206	C	T	0.993056	AO232
6	206	7983	10427	A	G	0.128554	AO232
6	277	7950	10498	A	C	0.037483	AO232
6	1167	7969	11388	C	T	0.996577	AO232
7	624	7783	12305	C	T	0.114334	AO232
7	950	5469	12631	A	G	0.450232	AO232
8	230	7942	12938	T	C	0.020397	AO232
8	661	7978	13369	C	T	0.045604	AO232
1	513	7264	513	C	T	0.023954	AO233
1	549	6477	549	C	T	0.979775	AO233
2	1782	4748	4123	G	A	0.7123	AO233
2	1949	4271	4290	A	C	0.975181	AO233
2	2292	1116	4633	A	G	0.971326	AO233
3	423	3665	5105	A	G	0.061937	AO233
4	732	7337	7647	C	A	0.997766	AO233
4	733	7345	7648	T	A	0.866476	AO233
4	734	7440	7649	G	T	0.868315	AO233
5	1263	7945	9919	C	A	0.026976	AO233
5	1344	7380	10000	C	T	0.997805	AO233
5	1550	1548	10206	C	T	0.992894	AO233
7	528	7983	12209	C	T	0.027668	AO233
1	2173	1830	2173	C	A	0.445355	AO235
2	146	1769	2487	A	G	0.036744	AO235
2	467	1625	2808	A	G	0.428923	AO235
2	1044	1841	3385	C	T	0.217816	AO235
2	1177	2161	3518	A	G	0.027302	AO235
3	100	711	4782	A	G	0.995786	AO235
3	594	880	5276	C	A	0.836364	AO235
3	927	971	5609	G	A	0.197734	AO235
3	1100	815	5782	A	G	0.044172	AO235
3	1991	898	6673	A	G	0.022272	AO235
3	2156	820	6838	T	C	0.02439	AO235
4	104	6085	7019	C	T	0.458012	AO235
4	654	6756	7569	A	G	0.071936	AO235
4	733	6346	7648	T	A	0.505278	AO235
4	734	6378	7649	G	A	0.505252	AO235
4	1727	964	8642	A	G	0.020747	AO235
5	295	1824	8951	A	G	0.025219	AO235
5	951	1876	9607	T	A	0.048507	AO235
6	170	2319	10391	T	C	0.028892	AO235
6	310	3000	10531	T	C	0.031635	AO235
6	1003	3124	11224	T	C	0.165813	AO235
7	402	4520	12083	G	A	0.020575	AO235
8	101	3213	12809	A	G	0.150016	AO235
8	753	3504	13461	T	C	0.181507	AO235
8	876	814	13584	A	G	0.020885	AO235
1	63	5857	63	G	A	0.099539	AO237
1	144	7971	144	G	A	0.053717	AO237
1	156	6939	156	C	T	0.030548	AO237
1	653	7304	653	G	A	0.046085	AO237
1	768	7793	768	A	G	0.045426	AO237
1	795	7702	795	C	T	0.043278	AO237
1	1207	7971	1207	A	G	0.051965	AO237
1	1305	7881	1305	A	G	0.048671	AO237
1	1545	7662	1545	T	C	0.049099	AO237
1	1915	7683	1915	A	G	0.040805	AO237
2	153	6218	2494	C	A	0.081698	AO237
2	330	5516	2671	C	T	0.065627	AO237
2	861	4726	3202	G	A	0.059035	AO237
2	895	5201	3236	A	G	0.060554	AO237
2	972	5708	3313	A	G	0.060441	AO237
2	1233	6910	3574	G	A	0.06157	AO237
2	1630	7524	3971	A	G	0.12294	AO237
2	1825	6997	4166	G	A	0.040313	AO237
2	1930	7854	4271	G	A	0.025495	AO237
2	1931	7575	4272	A	G	0.029095	AO237
2	2211	4435	4552	C	T	0.045772	AO237
3	94	3047	4776	T	C	0.087299	AO237
3	100	3102	4782	A	G	0.998066	AO237
3	420	4077	5102	A	G	0.041943	AO237
3	1578	4550	6260	G	T	0.053846	AO237
3	1676	4104	6358	G	A	0.093811	AO237
3	2162	3502	6844	A	C	0.073958	AO237
4	82	7986	6997	A	G	0.037746	AO237
4	300	7930	7215	G	A	0.028836	AO237
4	376	7992	7291	A	C	0.082405	AO237
4	572	7897	7487	G	A	0.025702	AO237
4	573	7939	7488	G	A	0.026414	AO237
4	649	7946	7564	A	C	0.02309	AO237
4	649	7946	7564	A	G	0.087859	AO237
4	729	7895	7644	G	A	0.025917	AO237
4	733	7530	7648	T	A	0.965076	AO237
4	734	7603	7649	G	A	0.961916	AO237
4	1003	7992	7918	A	T	0.025162	AO237
4	1017	7986	7932	C	A	0.027789	AO237
4	1062	7977	7977	A	G	0.02894	AO237
4	1208	7847	8123	T	G	0.144364	AO237
4	1268	7997	8183	A	G	0.131576	AO237
5	226	7995	8882	A	G	0.117115	AO237
5	417	7985	9073	C	T	0.026804	AO237
5	489	7885	9145	C	T	0.044197	AO237
5	543	7450	9199	G	A	0.04969	AO237
5	801	7718	9457	A	G	0.061684	AO237
5	1073	7779	9729	T	C	0.02395	AO237
5	1311	7039	9967	A	G	0.489269	AO237
5	1442	6554	10098	T	C	0.021053	AO237
5	1550	1530	10206	C	T	0.633987	AO237
5	1551	1494	10207	A	G	0.02008	AO237
6	39	4528	10260	T	C	0.204064	AO237
6	223	7972	10444	T	C	0.033445	AO237
6	233	8000	10454	G	A	0.136422	AO237
6	250	7988	10471	T	A	0.04092	AO237
6	283	7844	10504	G	A	0.037193	AO237
6	644	7933	10865	C	T	0.021058	AO237
6	946	7752	11167	T	C	0.028198	AO237
7	607	7942	12288	A	G	0.035091	AO237
7	962	6585	12643	T	C	0.068154	AO237
8	204	6030	12912	G	A	0.055173	AO237
8	205	6071	12913	A	G	0.025296	AO237
8	419	7919	13127	G	A	0.027164	AO237
8	437	7959	13145	T	C	0.614316	AO237
8	669	7666	13377	C	T	0.022517	AO237
8	743	7947	13451	A	G	0.028141	AO237
1	231	7975	231	T	C	0.021353	AO238
1	281	4461	281	G	A	0.034418	AO238
1	505	7887	505	C	T	0.053417	AO238
1	585	7650	585	A	C	0.023053	AO238
2	574	6861	2915	C	A	0.023466	AO238
2	694	6777	3035	C	T	0.681718	AO238
2	1797	7950	4138	T	C	0.039301	AO238
2	1877	7958	4218	A	G	0.626103	AO238
2	1904	7932	4245	C	T	0.020404	AO238
3	100	7921	4782	A	G	0.961111	AO238
3	255	7951	4937	A	G	0.029808	AO238
3	1536	7969	6218	T	C	0.07054	AO238
4	79	7999	6994	G	A	0.039732	AO238
4	552	7718	7467	G	A	0.137127	AO238
4	731	7871	7646	T	C	0.286395	AO238
4	1032	7996	7947	G	T	0.513412	AO238
5	1463	6753	10119	A	G	0.038066	AO238
5	1550	1978	10206	C	T	0.668616	AO238
6	204	7965	10425	A	G	0.299564	AO238
6	367	7910	10588	A	G	0.022944	AO238
6	473	7694	10694	C	T	0.022402	AO238
6	694	7995	10915	G	A	0.023549	AO238
6	1111	7956	11332	C	T	0.305896	AO238
6	1182	7853	11403	C	T	0.297078	AO238
6	1407	4829	11628	A	G	0.310337	AO238
7	484	7997	12165	G	A	0.117843	AO238
8	437	7991	13145	T	C	0.024038	AO238
1	39	4760	39	A	G	0.023515	AO239
1	348	7989	348	T	C	0.043138	AO239
1	360	7989	360	T	C	0.029947	AO239
1	589	7933	589	G	A	0.148623	AO239
1	779	7490	779	G	A	0.105556	AO239
1	1128	7432	1128	A	G	0.034042	AO239
1	1199	7771	1199	A	T	0.021492	AO239
1	1475	7789	1475	T	G	0.024648	AO239
1	1613	7921	1613	T	C	0.14307	AO239
1	1626	7853	1626	G	A	0.027537	AO239
1	2035	7543	2035	A	G	0.026028	AO239
1	2164	7819	2164	C	A	0.048648	AO239
2	210	4990	2551	A	G	0.072745	AO239
2	615	4000	2956	G	A	0.087759	AO239
2	1730	4973	4071	A	G	0.195858	AO239
3	100	6910	4782	A	G	0.997106	AO239
3	621	5199	5303	G	A	0.097326	AO239
3	765	4776	5447	T	C	0.021985	AO239
3	1500	7478	6182	A	G	0.159079	AO239
3	1706	5757	6388	T	C	0.029529	AO239
3	1868	6919	6550	G	A	0.346726	AO239
3	2179	4334	6861	T	A	0.029874	AO239
4	117	7978	7032	A	G	0.206623	AO239
4	1158	7726	8073	A	G	0.020325	AO239
4	1291	7949	8206	A	G	0.041751	AO239
5	35	4245	8691	A	G	0.024028	AO239
5	73	6168	8729	T	C	0.033398	AO239
5	981	7945	9637	C	T	0.084775	AO239
5	1491	4259	10147	T	C	0.988495	AO239
5	1550	1468	10206	C	T	0.089237	AO239
5	1551	1416	10207	A	G	0.02613	AO239
6	27	2762	10248	C	A	0.02643	AO239
6	694	7502	10915	G	T	0.05441	AO239
6	856	7791	11077	C	T	0.040951	AO239
6	1083	7762	11304	G	A	0.021593	AO239
6	1126	7571	11347	C	T	0.050844	AO239
7	123	7993	11804	C	T	0.373736	AO239
7	270	7991	11951	A	C	0.037787	AO239
7	816	7982	12497	A	G	0.02073	AO239
8	277	7979	12985	T	A	0.0528	AO239
8	425	7969	13133	C	A	0.021304	AO239
8	596	7881	13304	C	A	0.023921	AO239
1	125	3620	125	A	G	0.039503	AO240
1	428	4065	428	A	G	0.709543	AO240
1	934	4080	934	A	G	0.30049	AO240
1	1796	5781	1796	G	A	0.721646	AO240
2	634	1793	2975	A	G	0.302844	AO240
2	689	1625	3030	T	C	0.144	AO240
2	2207	1254	4548	T	C	0.023923	AO240
2	2216	1211	4557	A	G	0.033856	AO240
3	100	1670	4782	A	G	0.999401	AO240
3	1753	1829	6435	T	G	0.059595	AO240
3	2064	2492	6746	C	T	0.341493	AO240
4	274	7196	7189	G	A	0.024319	AO240
4	448	6173	7363	C	T	0.052325	AO240
4	732	6181	7647	C	A	0.151917	AO240
4	1032	6077	7947	G	T	0.053974	AO240
4	1439	6975	8354	G	A	0.752164	AO240
6	559	6473	10780	C	T	0.218137	AO240
6	575	6552	10796	G	A	0.114927	AO240
6	829	7452	11050	T	C	0.808737	AO240
6	1230	5368	11451	A	G	0.025149	AO240
7	677	7722	12358	A	G	0.071674	AO240
8	26	2206	12734	A	G	0.259746	AO240
8	246	6975	12954	G	A	0.092903	AO240
8	563	7198	13271	G	A	0.124583	AO240
8	741	6472	13449	A	G	0.191435	AO240
8	742	6497	13450	G	A	0.272672	AO240
1	117	7980	117	A	G	0.10401	AO241
1	1740	7984	1740	A	T	0.197886	AO241
1	2100	7640	2100	G	A	0.095414	AO241
2	229	7903	2570	A	G	0.620052	AO241
2	241	7351	2582	T	C	0.106648	AO241
2	1603	7897	3944	G	A	0.104285	AO241
2	1665	7933	4006	T	C	0.112516	AO241
2	1761	7778	4102	G	T	0.732555	AO241
2	2124	7577	4465	C	T	0.085489	AO241
2	2212	7177	4553	T	C	0.031603	AO241
3	100	7916	4782	A	G	0.997596	AO241
3	144	7764	4826	A	C	0.136147	AO241
3	225	7967	4907	T	C	0.194364	AO241
3	295	8000	4977	G	T	0.062884	AO241
3	589	7645	5271	G	A	0.183376	AO241
3	1595	7974	6277	A	G	0.122791	AO241
3	1830	7791	6512	C	A	0.075034	AO241
3	1863	7812	6545	A	G	0.170097	AO241
3	1896	7998	6578	A	G	0.136266	AO241
4	48	8000	6963	C	T	0.319586	AO241
4	732	7818	7647	C	A	0.062828	AO241
4	733	7744	7648	T	A	0.21732	AO241
4	734	7952	7649	G	A	0.279345	AO241
4	1081	7742	7996	G	A	0.228686	AO241
4	1163	7850	8078	T	G	0.656465	AO241
4	1249	7917	8164	A	G	0.045514	AO241
4	1448	7966	8363	G	A	0.326968	AO241
4	1457	7996	8372	T	C	0.046863	AO241
4	1604	7879	8519	C	T	0.048362	AO241
5	105	8000	8761	G	T	0.044572	AO241
5	1550	3246	10206	C	T	0.777865	AO241
6	39	6609	10260	T	C	0.32365	AO241
6	48	6994	10269	T	C	0.146125	AO241
6	49	7022	10270	T	C	0.14597	AO241
6	55	7455	10276	T	C	0.145808	AO241
6	57	8000	10278	T	C	0.135149	AO241
6	58	7997	10279	T	C	0.295318	AO241
6	61	8000	10282	T	C	0.114142	AO241
6	63	7996	10284	T	C	0.112709	AO241
6	67	7869	10288	T	C	0.118076	AO241
6	174	7918	10395	A	G	0.097503	AO241
6	425	7827	10646	A	G	0.026122	AO241
6	453	7995	10674	A	G	0.091852	AO241
7	622	7994	12303	A	G	0.03256	AO241
7	658	7927	12339	A	G	0.07928	AO241
7	837	7907	12518	A	G	0.17172	AO241
7	921	7961	12602	G	A	0.032709	AO241
8	51	7933	12759	T	C	0.045451	AO241
8	282	7942	12990	G	T	0.04509	AO241
8	806	7691	13514	T	C	0.046209	AO241
1	165	6927	165	A	G	0.026851	AO242
1	327	6272	327	C	T	0.217474	AO242
1	411	6898	411	A	G	0.175848	AO242
1	455	6624	455	G	A	0.163194	AO242
1	558	6980	558	G	C	0.057593	AO242
1	1129	6557	1129	C	A	0.200702	AO242
2	1014	1576	3355	T	C	0.022208	AO242
2	1698	2922	4039	C	A	0.258727	AO242
3	100	3157	4782	A	G	0.953812	AO242
3	1027	3257	5709	A	G	0.327295	AO242
3	1199	3069	5881	A	G	0.027696	AO242
3	1214	3188	5896	A	G	0.027917	AO242
3	1988	3535	6670	T	C	0.08628	AO242
4	28	2255	6943	G	T	0.273614	AO242
4	643	7551	7558	T	A	0.114111	AO242
4	733	7449	7648	T	A	0.804062	AO242
4	734	7541	7649	G	A	0.803415	AO242
4	913	7527	7828	A	G	0.021888	AO242
4	1346	7962	8261	A	G	0.065818	AO242
5	27	1959	8683	A	G	0.023481	AO242
5	555	4429	9211	A	G	0.045834	AO242
5	906	4487	9562	T	C	0.084243	AO242
5	1550	945	10206	C	T	0.564021	AO242
6	94	4284	10315	G	A	0.123483	AO242
6	523	5820	10744	A	G	0.117354	AO242
6	1250	5176	11471	G	A	0.023764	AO242
7	211	7855	11892	T	G	0.049776	AO242
7	278	7957	11959	A	G	0.171236	AO242
8	169	7291	12877	G	A	0.034152	AO242
8	332	7998	13040	G	A	0.033895	AO242
8	434	7575	13142	G	A	0.042206	AO242
8	458	7999	13166	G	A	0.034954	AO242
8	480	7451	13188	G	A	0.034157	AO242
8	487	7726	13195	G	A	0.039826	AO242
8	638	7597	13346	A	G	0.073468	AO242
8	866	2921	13574	G	A	0.033893	AO242
1	35	4087	35	G	A	0.06068	AO243
1	150	7736	150	G	A	0.055326	AO243
1	499	7823	499	G	A	0.113688	AO243
1	669	7058	669	G	A	0.115583	AO243
1	835	7690	835	G	A	0.104638	AO243
1	952	7691	952	G	A	0.096932	AO243
1	1048	7099	1048	G	A	0.065625	AO243
1	1189	6797	1189	G	A	0.100927	AO243
1	1412	7575	1412	G	A	0.0584	AO243
1	1419	7391	1419	G	A	0.070693	AO243
1	1588	7779	1588	A	G	0.095636	AO243
1	1789	7865	1789	G	A	0.834254	AO243
1	1817	7291	1817	G	A	0.131837	AO243
1	1964	7864	1964	G	A	0.120666	AO243
1	2068	7728	2068	G	A	0.098596	AO243
1	2086	7880	2086	G	A	0.102167	AO243
1	2111	7938	2111	T	C	0.061992	AO243
1	2285	3886	2285	G	A	0.058577	AO243
1	2327	1480	2327	G	A	0.021143	AO243
2	23	1066	2364	G	A	0.075985	AO243
2	27	1081	2368	G	A	0.080481	AO243
2	64	1479	2405	G	A	0.074375	AO243
2	66	1492	2407	G	A	0.078418	AO243
2	128	3290	2469	G	A	0.323404	AO243
2	133	3504	2474	G	A	0.071632	AO243
2	134	3557	2475	G	A	0.070284	AO243
2	181	3807	2522	G	A	0.082742	AO243
2	183	3812	2524	G	A	0.081322	AO243
2	232	3860	2573	G	A	0.060881	AO243
2	235	3600	2576	G	A	0.061944	AO243
2	236	3599	2577	G	A	0.06224	AO243
2	247	3459	2588	G	A	0.083839	AO243
2	250	3497	2591	G	A	0.085502	AO243
2	286	3537	2627	G	A	0.087645	AO243
2	310	3124	2651	G	A	0.084827	AO243
2	313	3177	2654	G	A	0.245752	AO243
2	398	3402	2739	G	A	0.080541	AO243
2	423	3429	2764	G	A	0.083406	AO243
2	448	3134	2789	G	A	0.249521	AO243
2	547	3280	2888	G	A	0.071037	AO243
2	642	2910	2983	G	A	0.090034	AO243
2	748	2920	3089	G	A	0.090753	AO243
2	787	2916	3128	G	A	0.094307	AO243
2	844	2897	3185	G	A	0.095961	AO243
2	891	3253	3232	G	A	0.261297	AO243
2	894	3288	3235	G	A	0.08972	AO243
2	1245	4601	3586	G	A	0.075853	AO243
2	1311	5187	3652	G	A	0.062657	AO243
2	1481	5157	3822	G	A	0.063215	AO243
2	1482	5217	3823	G	A	0.06498	AO243
2	1545	5725	3886	G	A	0.167162	AO243
2	1703	6536	4044	G	A	0.042075	AO243
2	1706	6521	4047	G	A	0.041852	AO243
2	1873	5594	4214	G	A	0.035038	AO243
2	1876	5626	4217	G	A	0.034661	AO243
2	1879	5678	4220	G	A	0.884466	AO243
2	1892	5961	4233	G	A	0.03288	AO243
2	1896	6204	4237	G	A	0.118956	AO243
2	1898	6238	4239	G	A	0.118467	AO243
2	1936	5928	4277	G	A	0.137821	AO243
2	1942	5919	4283	G	A	0.137162	AO243
2	1956	6347	4297	G	A	0.149362	AO243
2	1973	5946	4314	G	A	0.035654	AO243
2	1985	5976	4326	G	A	0.146252	AO243
2	1990	6133	4331	G	A	0.032774	AO243
2	1996	6002	4337	G	A	0.032989	AO243
2	2057	5379	4398	G	A	0.125302	AO243
2	2144	4501	4485	G	A	0.077538	AO243
2	2285	1952	4626	G	A	0.084016	AO243
2	2300	1724	4641	G	A	0.051624	AO243
3	100	925	4782	A	G	1	AO243
3	274	1164	4956	C	T	0.218696	AO243
3	533	1133	5215	G	A	0.076652	AO243
3	1161	1058	5843	G	A	0.115312	AO243
3	1186	1033	5868	G	A	0.770571	AO243
3	1187	1033	5869	G	A	0.770571	AO243
3	1559	1394	6241	G	A	0.093907	AO243
3	1564	1459	6246	G	A	0.093215	AO243
4	28	1669	6943	G	A	0.184542	AO243
4	69	5931	6984	G	A	0.18985	AO243
4	201	7709	7116	G	A	0.197617	AO243
4	349	7276	7264	G	A	0.133734	AO243
4	392	7158	7307	G	A	0.319721	AO243
4	549	7169	7464	G	A	0.262498	AO243
4	625	7123	7540	A	G	0.566802	AO243
4	651	6894	7566	G	A	0.084929	AO243
4	733	6872	7648	T	A	0.164657	AO243
4	734	6932	7649	G	A	0.164274	AO243
4	821	7965	7736	G	A	0.192312	AO243
4	826	7583	7741	G	A	0.17863	AO243
4	1081	7612	7996	G	A	0.086618	AO243
5	11	443	8667	G	A	0.03386	AO243
5	1355	1493	10011	C	T	0.567224	AO243
5	1416	1426	10072	T	C	0.023125	AO243
6	118	5891	10339	G	A	0.101681	AO243
6	399	6900	10620	G	A	0.065353	AO243
6	922	7926	11143	A	G	0.584008	AO243
6	977	6701	11198	G	A	0.02412	AO243
6	981	6573	11202	G	A	0.024021	AO243
6	986	6474	11207	A	G	0.029399	AO243
6	1060	6527	11281	G	A	0.020873	AO243
6	1225	5601	11446	T	A	0.213317	AO243
6	1226	5767	11447	G	A	0.023582	AO243
6	1283	5992	11504	G	A	0.109646	AO243
7	395	6006	12076	C	T	0.10706	AO243
7	774	4778	12455	G	A	0.194433	AO243
8	178	6726	12886	G	A	0.124294	AO243
8	237	6764	12945	G	A	0.098758	AO243
8	400	7596	13108	G	A	0.132189	AO243
8	497	7314	13205	G	A	0.089837	AO243
8	501	7291	13209	G	A	0.236777	AO243
8	561	7303	13269	G	A	0.132704	AO243
8	573	7382	13281	G	A	0.134443	AO243
8	680	7206	13388	G	A	0.374781	AO243
1	2049	7964	2049	G	T	0.067775	AO247
2	165	6124	2506	T	G	0.033818	AO247
2	1949	7994	4290	A	C	0.03713	AO247
4	732	7716	7647	C	A	0.32073	AO247
4	732	7716	7647	C	G	0.020369	AO247
4	732	7716	7647	C	T	0.037591	AO247
4	734	7971	7649	G	A	0.265112	AO247
4	734	7971	7649	G	C	0.03523	AO247
5	1491	5125	10147	T	C	0.048681	AO247
5	1550	1502	10206	C	T	0.099359	AO247
6	118	8001	10339	G	A	0.023134	AO247
1	164	3240	164	G	C	0.025509	AO248
1	1716	7455	1716	A	G	0.024723	AO248
1	1746	7873	1746	T	C	0.021055	AO248
1	2049	7993	2049	G	T	0.188382	AO248
2	165	5670	2506	T	G	0.067254	AO248
2	1654	7999	3995	G	T	0.045069	AO248
2	1766	7917	4107	A	G	0.023901	AO248
2	1949	7983	4290	A	C	0.092243	AO248
3	486	3847	5168	A	G	0.027814	AO248
3	686	3998	5368	C	T	0.029757	AO248
3	891	4560	5573	A	G	0.046262	AO248
4	732	7537	7647	C	A	0.475558	AO248
4	732	7537	7647	C	G	0.027189	AO248
4	732	7537	7647	C	T	0.14942	AO248
4	733	7567	7648	T	A	0.023618	AO248
4	734	7730	7649	G	A	0.382282	AO248
4	734	7730	7649	G	C	0.143168	AO248
4	734	7730	7649	G	T	0.025648	AO248
5	1433	4900	10089	T	G	0.021429	AO248
5	1491	3604	10147	T	C	0.075173	AO248
5	1550	1149	10206	C	T	0.221062	AO248
5	1551	1095	10207	A	G	0.020091	AO248
6	118	8000	10339	G	A	0.0453	AO248
7	980	2799	12661	T	G	0.022364	AO248
8	26	3090	12734	A	G	0.022977	AO248
2	1766	7947	4107	A	C	0.027029	AO249
2	1949	7987	4290	A	C	0.028103	AO249
4	141	7971	7056	C	A	0.160342	AO249
4	533	7971	7448	T	G	0.106564	AO249
4	732	7794	7647	C	A	0.222439	AO249
4	732	7794	7647	C	T	0.027954	AO249
4	734	7999	7649	G	A	0.115298	AO249
4	734	7999	7649	G	C	0.026233	AO249
5	981	5516	9637	C	T	0.020848	AO249
5	1491	2475	10147	T	C	0.052525	AO249
5	1550	772	10206	C	T	0.112694	AO249
7	775	7986	12456	A	G	0.048416	AO249
8	14	960	12722	T	C	0.030208	AO249
1	2049	7974	2049	G	T	0.112287	AO253
2	165	5425	2506	T	G	0.029838	AO253
2	1949	7997	4290	A	C	0.044125	AO253
3	100	6543	4782	A	G	0.023682	AO253
3	891	6092	5573	A	G	0.02216	AO253
4	732	7827	7647	C	A	0.464218	AO253
4	732	7827	7647	C	G	0.027932	AO253
4	732	7827	7647	C	T	0.057324	AO253
4	733	7800	7648	T	A	0.051965	AO253
4	734	7872	7649	G	A	0.434246	AO253
4	734	7872	7649	G	C	0.053124	AO253
5	1491	4744	10147	T	C	0.051012	AO253
5	1550	1399	10206	C	T	0.155826	AO253
6	118	8001	10339	G	A	0.039267	AO253
1	2049	4936	2049	G	T	0.078809	AO254
2	165	5668	2506	T	G	0.029748	AO254
2	634	3753	2975	A	G	0.022649	AO254
2	1654	4143	3995	G	T	0.021723	AO254
2	1949	7989	4290	A	C	0.057707	AO254
3	100	5473	4782	A	G	0.024649	AO254
3	891	3198	5573	A	G	0.023452	AO254
4	732	7797	7647	C	A	0.416292	AO254
4	732	7797	7647	C	G	0.023415	AO254
4	732	7797	7647	C	T	0.10582	AO254
4	733	7769	7648	T	A	0.050975	AO254
4	734	7819	7649	G	A	0.359946	AO254
4	734	7819	7649	G	C	0.103088	AO254
5	1491	4817	10147	T	C	0.06311	AO254
5	1550	1418	10206	C	T	0.105783	AO254
6	118	8002	10339	G	A	0.032374	AO254
8	26	7009	12734	A	G	0.023256	AO254
8	742	7928	13450	G	A	0.020603	AO254
1	2327	1504	2327	G	T	0.021941	AO255
3	100	4858	4782	A	G	0.053108	AO255
4	732	7841	7647	C	A	0.296918	AO255
4	732	7841	7647	C	T	0.022346	AO255
4	733	7825	7648	T	A	0.022933	AO255
4	734	7903	7649	G	A	0.209235	AO255
4	734	7903	7649	G	C	0.021647	AO255
4	1727	1432	8642	A	G	0.02049	AO255
5	1491	4846	10147	T	C	0.047462	AO255
8	26	4795	12734	A	G	0.020855	AO255
1	934	5718	934	A	G	0.039699	AO259
1	2049	7986	2049	G	T	0.149017	AO259
2	165	5429	2506	T	G	0.059824	AO259
2	634	3422	2975	A	G	0.055523	AO259
2	1654	7365	3995	G	T	0.030769	AO259
2	1949	7992	4290	A	C	0.091152	AO259
3	891	3058	5573	A	G	0.029758	AO259
3	1476	3370	6158	A	G	0.023739	AO259
4	732	7473	7647	C	A	0.757273	AO259
4	732	7473	7647	C	G	0.055766	AO259
4	732	7473	7647	C	T	0.169164	AO259
4	733	7505	7648	T	A	0.029441	AO259
4	734	7639	7649	G	A	0.588514	AO259
4	734	7639	7649	G	C	0.163732	AO259
4	734	7639	7649	G	T	0.031663	AO259
5	7	1689	8663	A	G	0.028419	AO259
5	1491	4984	10147	T	C	0.127958	AO259
5	1550	1455	10206	C	T	0.213058	AO259
6	118	7999	10339	G	A	0.062456	AO259
8	26	4905	12734	A	G	0.024057	AO259
8	742	7872	13450	G	A	0.021788	AO259
1	164	6376	164	G	C	0.029876	AO260
1	934	7857	934	A	G	0.085926	AO260
1	2049	7999	2049	G	T	0.232437	AO260
2	165	7035	2506	T	G	0.055515	AO260
2	634	7986	2975	A	G	0.071291	AO260
2	1654	7998	3995	G	T	0.026907	AO260
2	1949	7977	4290	A	C	0.085498	AO260
3	891	7547	5573	A	G	0.084755	AO260
3	1949	7905	6631	C	A	0.020671	AO260
4	732	7693	7647	C	A	0.80507	AO260
4	732	7693	7647	C	G	0.025254	AO260
4	732	7693	7647	C	T	0.166037	AO260
4	734	7797	7649	G	A	0.392323	AO260
4	734	7797	7649	G	C	0.164677	AO260
5	7	1415	8663	A	G	0.026855	AO260
5	1491	3442	10147	T	C	0.207147	AO260
5	1550	971	10206	C	T	0.133883	AO260
5	1558	688	10214	T	C	0.025862	AO260
6	118	8000	10339	G	A	0.038205	AO260
8	26	8004	12734	A	G	0.05364	AO260
8	742	7937	13450	G	A	0.0545	AO260
1	164	4692	164	G	C	0.028277	AO261
1	934	6792	934	A	G	0.047527	AO261
1	2049	7995	2049	G	T	0.277206	AO261
2	165	6290	2506	T	G	0.061392	AO261
2	634	6419	2975	A	G	0.043723	AO261
2	1654	8000	3995	G	T	0.027954	AO261
2	1949	7980	4290	A	C	0.130286	AO261
3	891	5390	5573	A	G	0.05974	AO261
3	1949	7589	6631	C	A	0.020242	AO261
4	732	7679	7647	C	A	0.715509	AO261
4	732	7679	7647	C	G	0.030949	AO261
4	732	7679	7647	C	T	0.244222	AO261
4	733	7716	7648	T	A	0.026425	AO261
4	734	7792	7649	G	A	0.456201	AO261
4	734	7792	7649	G	C	0.239799	AO261
4	734	7792	7649	G	T	0.028332	AO261
5	7	1401	8663	A	G	0.042113	AO261
5	1491	4257	10147	T	C	0.139535	AO261
5	1550	1195	10206	C	T	0.161506	AO261
6	118	8000	10339	G	A	0.046344	AO261
8	26	8004	12734	A	G	0.04523	AO261
8	742	7926	13450	G	A	0.043121	AO261
1	934	7899	934	A	G	0.02829	AO265
1	2049	7886	2049	G	T	0.038206	AO265
2	634	7935	2975	A	G	0.030329	AO265
2	1949	7994	4290	A	C	0.030099	AO265
3	100	7972	4782	A	G	0.02749	AO265
3	891	7999	5573	A	G	0.023106	AO265
4	732	7683	7647	C	A	0.883367	AO265
4	732	7683	7647	C	G	0.032626	AO265
4	732	7683	7647	C	T	0.047852	AO265
4	733	7662	7648	T	A	0.030871	AO265
4	734	7595	7649	G	A	0.778739	AO265
4	734	7595	7649	G	C	0.04714	AO265
4	1233	7892	8148	T	C	0.051242	AO265
5	1491	4872	10147	T	C	0.094997	AO265
5	1550	1443	10206	C	T	0.054054	AO265
6	118	7113	10339	G	A	0.037677	AO265
7	513	7965	12194	G	A	0.06091	AO265
8	26	6201	12734	A	G	0.038858	AO265
8	742	7901	13450	G	A	0.032011	AO265
1	934	7028	934	A	G	0.039477	AO266
1	2049	7908	2049	G	T	0.042833	AO266
2	165	7101	2506	T	G	0.021013	AO266
2	634	7943	2975	A	G	0.041847	AO266
2	1949	7991	4290	A	C	0.049717	AO266
3	100	7906	4782	A	G	0.043711	AO266
3	891	8000	5573	A	G	0.029877	AO266
4	732	7653	7647	C	A	0.825071	AO266
4	732	7653	7647	C	G	0.039399	AO266
4	732	7653	7647	C	T	0.064009	AO266
4	733	7605	7648	T	A	0.05315	AO266
4	734	7527	7649	G	A	0.689753	AO266
4	734	7527	7649	G	C	0.061874	AO266
5	1491	6401	10147	T	C	0.080454	AO266
5	1550	2141	10206	C	T	0.068994	AO266
6	118	8001	10339	G	A	0.042294	AO266
8	26	8014	12734	A	G	0.029737	AO266
8	742	7891	13450	G	A	0.028315	AO266
1	934	7927	934	A	G	0.024932	AO267
1	1604	7806	1604	A	G	0.022647	AO267
1	2049	7929	2049	G	T	0.056885	AO267
2	165	6324	2506	T	G	0.039822	AO267
2	634	7954	2975	A	G	0.020568	AO267
2	1654	7998	3995	G	T	0.025144	AO267
2	1949	7993	4290	A	C	0.070069	AO267
3	100	7936	4782	A	G	0.065646	AO267
3	891	7998	5573	A	G	0.025337	AO267
4	490	7865	7405	G	A	0.029162	AO267
4	732	7662	7647	C	A	0.643221	AO267
4	732	7662	7647	C	G	0.034588	AO267
4	732	7662	7647	C	T	0.095629	AO267
4	733	7529	7648	T	A	0.185857	AO267
4	734	7494	7649	G	A	0.650079	AO267
4	734	7494	7649	G	C	0.095092	AO267
4	734	7494	7649	G	T	0.050807	AO267
5	1491	5883	10147	T	C	0.081133	AO267
5	1550	1674	10206	C	T	0.200188	AO267
6	118	7999	10339	G	A	0.037447	AO267
8	26	7186	12734	A	G	0.020874	AO267
1	27	2785	27	T	C	0.064632	AO283
1	1047	7889	1047	A	G	0.025165	AO283
1	1083	7539	1083	G	A	0.438959	AO283
1	2270	4724	2270	A	G	0.41164	AO283
2	1365	7977	3706	C	T	0.020108	AO283
2	1949	7938	4290	A	C	0.725343	AO283
3	100	7807	4782	A	G	0.767014	AO283
3	377	7969	5059	C	T	0.106853	AO283
3	891	7999	5573	A	G	0.04742	AO283
3	915	7912	5597	T	C	0.031965	AO283
3	1318	7707	6000	G	A	0.024401	AO283
4	371	7883	7286	A	G	0.022882	AO283
4	472	7768	7387	C	T	0.73769	AO283
4	702	7897	7617	G	T	0.232969	AO283
4	727	7975	7642	A	G	0.033863	AO283
4	728	7933	7643	T	G	0.052539	AO283
4	732	7460	7647	C	A	0.995885	AO283
4	739	7820	7654	G	C	0.082825	AO283
5	744	6791	9400	A	C	0.214254	AO283
5	755	6939	9411	C	T	0.03819	AO283
5	1350	6402	10006	C	T	0.247266	AO283
5	1439	4942	10095	A	G	0.020639	AO283
5	1448	4691	10104	A	G	0.020465	AO283
5	1515	2825	10171	A	G	0.027965	AO283
5	1550	1275	10206	C	T	0.740392	AO283
6	1163	5800	11384	A	G	0.132414	AO283
8	390	7983	13098	G	A	0.035366	AO283
8	394	7923	13102	T	C	0.024857	AO283
8	399	7886	13107	G	A	0.525171	AO283
8	400	7987	13108	G	A	0.236667	AO283
8	406	7891	13114	A	G	0.122821	AO283
